merchant_id,merchant_category,total_transactions,total_payment_volume,avg_transaction_amount,failed_transactions,fraud_transactions,chargeback_transactions,failure_rate_pct,fraud_rate_pct,chargeback_rate_pct,merchant_risk_level
MERCH00078,Restaurant,20,1386.51,69.33,2,4,3,10.0,20.0,15.0,High Risk
MERCH00354,Restaurant,20,1121.07,56.05,3,4,2,15.0,20.0,10.0,High Risk
MERCH00105,Restaurant,21,977.49,46.55,5,4,1,23.81,19.05,4.76,High Risk
MERCH00422,Retail,21,948.61,45.17,2,4,0,9.52,19.05,0.0,High Risk
MERCH00716,Retail,22,891.84,40.54,1,4,1,4.55,18.18,4.55,High Risk
MERCH00303,Grocery,23,1203.68,52.33,1,4,2,4.35,17.39,8.7,High Risk
MERCH00360,Retail,24,1059.44,44.14,1,4,0,4.17,16.67,0.0,High Risk
MERCH00232,Retail,24,1110.0,46.25,3,4,0,12.5,16.67,0.0,High Risk
MERCH00316,Restaurant,20,1130.43,56.52,1,3,3,5.0,15.0,15.0,High Risk
MERCH00307,Grocery,20,1366.8,68.34,2,3,2,10.0,15.0,10.0,High Risk
MERCH00623,Restaurant,20,1071.39,53.57,2,3,1,10.0,15.0,5.0,High Risk
MERCH00469,Retail,20,1614.84,80.74,2,3,1,10.0,15.0,5.0,High Risk
MERCH00385,Retail,20,1012.12,50.61,1,3,1,5.0,15.0,5.0,High Risk
MERCH00446,Restaurant,20,870.09,43.5,3,3,0,15.0,15.0,0.0,High Risk
MERCH00445,Restaurant,20,1110.82,55.54,0,3,0,0.0,15.0,0.0,High Risk
MERCH00165,Retail,27,1240.84,45.96,2,4,1,7.41,14.81,3.7,High Risk
MERCH00654,Grocery,21,794.36,37.83,2,3,3,9.52,14.29,14.29,High Risk
MERCH00696,Grocery,21,1240.89,59.09,1,3,1,4.76,14.29,4.76,High Risk
MERCH00513,Retail,21,973.1,46.34,0,3,1,0.0,14.29,4.76,High Risk
MERCH00469,Restaurant,21,1247.12,59.39,1,3,1,4.76,14.29,4.76,High Risk
MERCH00226,Retail,21,1355.61,64.55,2,3,1,9.52,14.29,4.76,High Risk
MERCH00313,Restaurant,21,844.82,40.23,1,3,0,4.76,14.29,0.0,High Risk
MERCH00580,Restaurant,22,1159.31,52.7,0,3,1,0.0,13.64,4.55,High Risk
MERCH00409,Restaurant,22,998.83,45.4,3,3,1,13.64,13.64,4.55,High Risk
MERCH00159,Restaurant,22,1552.59,70.57,1,3,1,4.55,13.64,4.55,High Risk
MERCH00773,Grocery,22,1137.02,51.68,2,3,0,9.09,13.64,0.0,High Risk
MERCH00396,Retail,22,1265.58,57.53,1,3,0,4.55,13.64,0.0,High Risk
MERCH00318,Retail,22,1052.9,47.86,3,3,0,13.64,13.64,0.0,High Risk
MERCH00250,Retail,30,1910.63,63.69,5,4,1,16.67,13.33,3.33,High Risk
MERCH00513,Grocery,23,1305.32,56.75,2,3,4,8.7,13.04,17.39,High Risk
MERCH00231,Retail,23,1067.77,46.42,1,3,1,4.35,13.04,4.35,High Risk
MERCH00071,Retail,23,823.74,35.81,3,3,1,13.04,13.04,4.35,High Risk
MERCH00063,Retail,23,901.01,39.17,3,3,1,13.04,13.04,4.35,High Risk
MERCH00426,Restaurant,31,1845.48,59.53,3,4,0,9.68,12.9,0.0,High Risk
MERCH00295,Grocery,24,1346.52,56.1,2,3,2,8.33,12.5,8.33,High Risk
MERCH00627,Retail,24,1310.0,54.58,0,3,0,0.0,12.5,0.0,High Risk
MERCH00025,Restaurant,24,1181.07,49.21,2,3,0,8.33,12.5,0.0,High Risk
MERCH00520,Grocery,25,1468.98,58.76,1,3,2,4.0,12.0,8.0,High Risk
MERCH00643,Retail,25,1456.06,58.24,2,3,1,8.0,12.0,4.0,High Risk
MERCH00506,Restaurant,25,1134.51,45.38,3,3,1,12.0,12.0,4.0,High Risk
MERCH00702,Restaurant,25,853.41,34.14,0,3,0,0.0,12.0,0.0,High Risk
MERCH00566,Retail,25,1032.71,41.31,2,3,0,8.0,12.0,0.0,High Risk
MERCH00253,Grocery,25,1745.36,69.81,2,3,0,8.0,12.0,0.0,High Risk
MERCH00649,Retail,26,1164.33,44.78,3,3,0,11.54,11.54,0.0,High Risk
MERCH00642,Retail,26,1522.28,58.55,4,3,0,15.38,11.54,0.0,High Risk
MERCH00437,Retail,26,1745.03,67.12,3,3,0,11.54,11.54,0.0,High Risk
MERCH00372,Retail,27,1482.98,54.93,3,3,2,11.11,11.11,7.41,High Risk
MERCH00483,Restaurant,27,1325.38,49.09,1,3,1,3.7,11.11,3.7,High Risk
MERCH00781,Retail,28,2018.15,72.08,1,3,0,3.57,10.71,0.0,High Risk
MERCH00365,Retail,29,1915.4,66.05,1,3,4,3.45,10.34,13.79,High Risk
MERCH00123,Retail,29,1256.47,43.33,1,3,1,3.45,10.34,3.45,High Risk
MERCH00280,Retail,29,1092.02,37.66,3,3,0,10.34,10.34,0.0,High Risk
MERCH00134,Retail,29,1627.38,56.12,3,3,0,10.34,10.34,0.0,High Risk
MERCH00040,Retail,20,828.66,41.43,1,2,3,5.0,10.0,15.0,High Risk
MERCH00686,Restaurant,20,1636.6,81.83,2,2,2,10.0,10.0,10.0,High Risk
MERCH00086,Restaurant,20,853.1,42.66,3,2,2,15.0,10.0,10.0,High Risk
MERCH00464,Retail,30,1418.38,47.28,2,3,2,6.67,10.0,6.67,High Risk
MERCH00393,Restaurant,30,1843.89,61.46,1,3,2,3.33,10.0,6.67,High Risk
MERCH00638,Restaurant,20,808.0,40.4,0,2,1,0.0,10.0,5.0,High Risk
MERCH00594,Retail,20,1185.45,59.27,2,2,1,10.0,10.0,5.0,High Risk
MERCH00209,Grocery,20,984.95,49.25,1,2,1,5.0,10.0,5.0,High Risk
MERCH00202,Grocery,20,668.68,33.43,4,2,1,20.0,10.0,5.0,High Risk
MERCH00144,Grocery,20,1230.4,61.52,0,2,1,0.0,10.0,5.0,High Risk
MERCH00635,Retail,30,1454.91,48.5,0,3,1,0.0,10.0,3.33,High Risk
MERCH00720,Grocery,20,805.72,40.29,2,2,0,10.0,10.0,0.0,High Risk
MERCH00615,Grocery,20,1081.21,54.06,2,2,0,10.0,10.0,0.0,High Risk
MERCH00585,Retail,20,1824.51,91.23,2,2,0,10.0,10.0,0.0,High Risk
MERCH00548,Grocery,20,1248.4,62.42,0,2,0,0.0,10.0,0.0,High Risk
MERCH00511,Retail,20,964.77,48.24,0,2,0,0.0,10.0,0.0,High Risk
MERCH00503,Grocery,20,1044.59,52.23,0,2,0,0.0,10.0,0.0,High Risk
MERCH00490,Restaurant,20,1661.16,83.06,5,2,0,25.0,10.0,0.0,High Risk
MERCH00392,Retail,30,1795.74,59.86,1,3,0,3.33,10.0,0.0,High Risk
MERCH00357,Retail,20,869.92,43.5,2,2,0,10.0,10.0,0.0,High Risk
MERCH00303,Restaurant,20,1184.66,59.23,1,2,0,5.0,10.0,0.0,High Risk
MERCH00261,Retail,20,1333.21,66.66,3,2,0,15.0,10.0,0.0,High Risk
MERCH00227,Retail,20,1118.88,55.94,4,2,0,20.0,10.0,0.0,High Risk
MERCH00212,Restaurant,20,1162.29,58.11,3,2,0,15.0,10.0,0.0,High Risk
MERCH00115,Restaurant,20,1168.73,58.44,0,2,0,0.0,10.0,0.0,High Risk
MERCH00258,Grocery,21,1056.42,50.31,1,2,2,4.76,9.52,9.52,High Risk
MERCH00081,Restaurant,21,2888.75,137.56,0,2,2,0.0,9.52,9.52,High Risk
MERCH00710,Grocery,21,1080.71,51.46,5,2,1,23.81,9.52,4.76,High Risk
MERCH00568,Restaurant,21,1110.54,52.88,4,2,1,19.05,9.52,4.76,High Risk
MERCH00535,Restaurant,21,985.83,46.94,3,2,1,14.29,9.52,4.76,High Risk
MERCH00424,Retail,21,823.08,39.19,0,2,1,0.0,9.52,4.76,High Risk
MERCH00393,Retail,21,1090.95,51.95,0,2,1,0.0,9.52,4.76,High Risk
MERCH00305,Grocery,21,1137.43,54.16,2,2,1,9.52,9.52,4.76,High Risk
MERCH00102,Grocery,21,1156.42,55.07,0,2,1,0.0,9.52,4.76,High Risk
MERCH00084,Retail,21,1000.27,47.63,2,2,1,9.52,9.52,4.76,High Risk
MERCH00692,Retail,21,1168.76,55.66,1,2,0,4.76,9.52,0.0,High Risk
MERCH00659,Grocery,21,1092.17,52.01,0,2,0,0.0,9.52,0.0,High Risk
MERCH00534,Grocery,21,1781.67,84.84,2,2,0,9.52,9.52,0.0,High Risk
MERCH00498,Retail,21,1940.91,92.42,1,2,0,4.76,9.52,0.0,High Risk
MERCH00495,Restaurant,21,1333.73,63.51,3,2,0,14.29,9.52,0.0,High Risk
MERCH00419,Restaurant,21,906.45,43.16,2,2,0,9.52,9.52,0.0,High Risk
MERCH00315,Restaurant,21,1438.54,68.5,3,2,0,14.29,9.52,0.0,High Risk
MERCH00284,Grocery,21,1017.67,48.46,1,2,0,4.76,9.52,0.0,High Risk
MERCH00228,Grocery,21,1846.68,87.94,1,2,0,4.76,9.52,0.0,High Risk
MERCH00130,Grocery,21,1334.86,63.56,1,2,0,4.76,9.52,0.0,High Risk
MERCH00398,Retail,32,1171.55,36.61,4,3,1,12.5,9.38,3.13,High Risk
MERCH00790,Restaurant,22,1221.11,55.5,0,2,2,0.0,9.09,9.09,High Risk
MERCH00625,Grocery,22,911.04,41.41,1,2,2,4.55,9.09,9.09,High Risk
MERCH00791,Restaurant,22,1110.34,50.47,3,2,1,13.64,9.09,4.55,High Risk
MERCH00757,Retail,22,935.23,42.51,2,2,1,9.09,9.09,4.55,High Risk
MERCH00740,Restaurant,22,1448.9,65.86,1,2,1,4.55,9.09,4.55,High Risk
MERCH00616,Retail,22,1381.75,62.81,1,2,1,4.55,9.09,4.55,High Risk
MERCH00591,Retail,22,741.06,33.68,1,2,1,4.55,9.09,4.55,High Risk
MERCH00328,Grocery,22,973.68,44.26,0,2,1,0.0,9.09,4.55,High Risk
MERCH00287,Retail,22,1388.45,63.11,2,2,1,9.09,9.09,4.55,High Risk
MERCH00226,Restaurant,22,1246.17,56.64,3,2,1,13.64,9.09,4.55,High Risk
MERCH00216,Restaurant,22,772.64,35.12,4,2,1,18.18,9.09,4.55,High Risk
MERCH00124,Retail,22,1512.99,68.77,3,2,1,13.64,9.09,4.55,High Risk
MERCH00091,Retail,22,1300.92,59.13,1,2,1,4.55,9.09,4.55,High Risk
MERCH00697,Retail,22,1388.76,63.13,0,2,0,0.0,9.09,0.0,High Risk
MERCH00661,Retail,22,1173.54,53.34,3,2,0,13.64,9.09,0.0,High Risk
MERCH00634,Retail,22,755.39,34.34,1,2,0,4.55,9.09,0.0,High Risk
MERCH00597,Travel,22,1319.74,59.99,3,2,0,13.64,9.09,0.0,High Risk
MERCH00565,Restaurant,22,1395.03,63.41,2,2,0,9.09,9.09,0.0,High Risk
MERCH00191,Grocery,22,1114.45,50.66,1,2,0,4.55,9.09,0.0,High Risk
MERCH00099,Restaurant,22,1187.39,53.97,0,2,0,0.0,9.09,0.0,High Risk
MERCH00241,Retail,23,1184.42,51.5,1,2,2,4.35,8.7,8.7,High Risk
MERCH00759,Retail,23,1290.85,56.12,1,2,1,4.35,8.7,4.35,High Risk
MERCH00673,Restaurant,23,1133.33,49.28,3,2,1,13.04,8.7,4.35,High Risk
MERCH00598,Fuel,23,1209.04,52.57,0,2,1,0.0,8.7,4.35,High Risk
MERCH00474,Restaurant,23,1415.91,61.56,2,2,1,8.7,8.7,4.35,High Risk
MERCH00345,Restaurant,23,1124.6,48.9,0,2,1,0.0,8.7,4.35,High Risk
MERCH00160,Retail,23,1149.82,49.99,3,2,1,13.04,8.7,4.35,High Risk
MERCH00083,Retail,23,849.7,36.94,2,2,1,8.7,8.7,4.35,High Risk
MERCH00765,Retail,23,1168.8,50.82,2,2,0,8.7,8.7,0.0,High Risk
MERCH00756,Grocery,23,860.74,37.42,1,2,0,4.35,8.7,0.0,High Risk
MERCH00659,Retail,23,1217.32,52.93,0,2,0,0.0,8.7,0.0,High Risk
MERCH00557,Retail,23,1950.92,84.82,2,2,0,8.7,8.7,0.0,High Risk
MERCH00528,Restaurant,23,1290.49,56.11,2,2,0,8.7,8.7,0.0,High Risk
MERCH00400,Grocery,23,1482.21,64.44,1,2,0,4.35,8.7,0.0,High Risk
MERCH00260,Retail,23,877.29,38.14,3,2,0,13.04,8.7,0.0,High Risk
MERCH00174,Retail,23,1878.48,81.67,0,2,0,0.0,8.7,0.0,High Risk
MERCH00087,Retail,23,1451.33,63.1,1,2,0,4.35,8.7,0.0,High Risk
MERCH00738,Retail,24,1134.75,47.28,1,2,1,4.17,8.33,4.17,High Risk
MERCH00507,Retail,24,1344.09,56.0,0,2,1,0.0,8.33,4.17,High Risk
MERCH00488,Restaurant,24,1343.44,55.98,0,2,1,0.0,8.33,4.17,High Risk
MERCH00270,Retail,24,1665.91,69.41,2,2,1,8.33,8.33,4.17,High Risk
MERCH00147,Retail,24,1125.41,46.89,2,2,1,8.33,8.33,4.17,High Risk
MERCH00062,Retail,24,1575.12,65.63,1,2,1,4.17,8.33,4.17,High Risk
MERCH00779,Retail,24,1091.53,45.48,0,2,0,0.0,8.33,0.0,High Risk
MERCH00754,Retail,24,1107.03,46.13,1,2,0,4.17,8.33,0.0,High Risk
MERCH00706,Retail,24,1252.27,52.18,2,2,0,8.33,8.33,0.0,High Risk
MERCH00493,Retail,24,1228.19,51.17,3,2,0,12.5,8.33,0.0,High Risk
MERCH00294,Retail,24,1995.13,83.13,2,2,0,8.33,8.33,0.0,High Risk
MERCH00180,Restaurant,24,1722.15,71.76,1,2,0,4.17,8.33,0.0,High Risk
MERCH00111,Retail,24,1253.91,52.25,3,2,0,12.5,8.33,0.0,High Risk
MERCH00682,Restaurant,25,1689.34,67.57,0,2,2,0.0,8.0,8.0,High Risk
MERCH00041,Retail,25,1145.83,45.83,0,2,2,0.0,8.0,8.0,High Risk
MERCH00690,Retail,25,1256.45,50.26,2,2,1,8.0,8.0,4.0,High Risk
MERCH00656,Retail,25,1366.31,54.65,2,2,1,8.0,8.0,4.0,High Risk
MERCH00550,Retail,25,1257.47,50.3,1,2,1,4.0,8.0,4.0,High Risk
MERCH00208,Retail,25,1587.69,63.51,2,2,1,8.0,8.0,4.0,High Risk
MERCH00176,Retail,25,818.01,32.72,1,2,1,4.0,8.0,4.0,High Risk
MERCH00052,Retail,25,1206.14,48.25,1,2,1,4.0,8.0,4.0,High Risk
MERCH00479,Restaurant,25,1246.99,49.88,1,2,0,4.0,8.0,0.0,High Risk
MERCH00430,Restaurant,25,1038.1,41.52,3,2,0,12.0,8.0,0.0,High Risk
MERCH00310,Retail,25,1837.85,73.51,2,2,0,8.0,8.0,0.0,High Risk
MERCH00749,Restaurant,26,1312.98,50.5,3,2,2,11.54,7.69,7.69,High Risk
MERCH00461,Retail,26,1314.66,50.56,3,2,2,11.54,7.69,7.69,High Risk
MERCH00327,Grocery,26,922.95,35.5,3,2,1,11.54,7.69,3.85,Medium Risk
MERCH00314,Grocery,26,1754.88,67.5,1,2,1,3.85,7.69,3.85,Medium Risk
MERCH00002,Retail,26,1279.36,49.21,2,2,1,7.69,7.69,3.85,Medium Risk
MERCH00799,Retail,26,1224.37,47.09,0,2,0,0.0,7.69,0.0,Medium Risk
MERCH00538,Retail,26,1698.36,65.32,3,2,0,11.54,7.69,0.0,Medium Risk
MERCH00479,Grocery,26,1226.73,47.18,0,2,0,0.0,7.69,0.0,Medium Risk
MERCH00355,Grocery,26,1787.11,68.73,2,2,0,7.69,7.69,0.0,Medium Risk
MERCH00182,Grocery,26,969.55,37.29,3,2,0,11.54,7.69,0.0,Medium Risk
MERCH00042,Retail,26,1122.77,43.18,2,2,0,7.69,7.69,0.0,Medium Risk
MERCH00763,Retail,27,1414.99,52.41,1,2,1,3.7,7.41,3.7,Medium Risk
MERCH00367,Retail,27,1529.24,56.64,1,2,1,3.7,7.41,3.7,Medium Risk
MERCH00240,Retail,27,1517.36,56.2,2,2,1,7.41,7.41,3.7,Medium Risk
MERCH00026,Retail,27,1083.82,40.14,1,2,1,3.7,7.41,3.7,Medium Risk
MERCH00783,Retail,27,2399.61,88.87,1,2,0,3.7,7.41,0.0,Medium Risk
MERCH00720,Restaurant,27,2720.26,100.75,3,2,0,11.11,7.41,0.0,Medium Risk
MERCH00515,Retail,27,1281.98,47.48,4,2,0,14.81,7.41,0.0,Medium Risk
MERCH00463,Retail,27,1458.92,54.03,2,2,0,7.41,7.41,0.0,Medium Risk
MERCH00143,Grocery,27,1507.1,55.82,3,2,0,11.11,7.41,0.0,Medium Risk
MERCH00039,Grocery,27,1270.88,47.07,3,2,0,11.11,7.41,0.0,Medium Risk
MERCH00544,Restaurant,28,1239.04,44.25,3,2,1,10.71,7.14,3.57,Medium Risk
MERCH00526,Grocery,28,1803.78,64.42,2,2,1,7.14,7.14,3.57,Medium Risk
MERCH00556,Retail,28,1722.07,61.5,3,2,0,10.71,7.14,0.0,Medium Risk
MERCH00255,Retail,28,1375.5,49.13,0,2,0,0.0,7.14,0.0,Medium Risk
MERCH00049,Restaurant,28,1124.5,40.16,3,2,0,10.71,7.14,0.0,Medium Risk
MERCH00268,Retail,29,1349.39,46.53,3,2,2,10.34,6.9,6.9,High Risk
MERCH00628,Retail,29,2183.85,75.31,2,2,1,6.9,6.9,3.45,Medium Risk
MERCH00574,Retail,29,2127.36,73.36,3,2,1,10.34,6.9,3.45,Medium Risk
MERCH00035,Grocery,29,1548.5,53.4,3,2,1,10.34,6.9,3.45,Medium Risk
MERCH00760,Retail,29,1736.46,59.88,1,2,0,3.45,6.9,0.0,Medium Risk
MERCH00495,Retail,29,1213.8,41.86,3,2,0,10.34,6.9,0.0,Medium Risk
MERCH00038,Retail,29,1683.16,58.04,0,2,0,0.0,6.9,0.0,Medium Risk
MERCH00679,Retail,30,2750.64,91.69,3,2,3,10.0,6.67,10.0,High Risk
MERCH00117,Retail,30,1347.44,44.91,4,2,2,13.33,6.67,6.67,High Risk
MERCH00620,Retail,30,1513.7,50.46,2,2,1,6.67,6.67,3.33,Medium Risk
MERCH00312,Retail,30,1845.55,61.52,0,2,1,0.0,6.67,3.33,Medium Risk
MERCH00256,Retail,30,1148.06,38.27,1,2,1,3.33,6.67,3.33,Medium Risk
MERCH00510,Retail,30,1381.76,46.06,3,2,0,10.0,6.67,0.0,Medium Risk
MERCH00274,Retail,30,1333.61,44.45,4,2,0,13.33,6.67,0.0,Medium Risk
MERCH00102,Retail,30,1507.2,50.24,5,2,0,16.67,6.67,0.0,High Risk
MERCH00689,Retail,31,1406.81,45.38,3,2,1,9.68,6.45,3.23,Medium Risk
MERCH00371,Retail,31,1437.89,46.38,4,2,0,12.9,6.45,0.0,Medium Risk
MERCH00269,Retail,31,1525.5,49.21,1,2,0,3.23,6.45,0.0,Medium Risk
MERCH00253,Retail,31,1480.03,47.74,1,2,0,3.23,6.45,0.0,Medium Risk
MERCH00619,Retail,32,1589.02,49.66,4,2,0,12.5,6.25,0.0,Medium Risk
MERCH00146,Retail,32,2888.67,90.27,3,2,0,9.38,6.25,0.0,Medium Risk
MERCH00549,Retail,34,1751.72,51.52,4,2,0,11.76,5.88,0.0,Medium Risk
MERCH00674,Retail,37,2318.62,62.67,5,2,2,13.51,5.41,5.41,High Risk
MERCH00090,Retail,38,1992.31,52.43,0,2,2,0.0,5.26,5.26,High Risk
MERCH00383,Restaurant,20,792.06,39.6,0,1,2,0.0,5.0,10.0,High Risk
MERCH00316,Grocery,20,795.71,39.79,1,1,2,5.0,5.0,10.0,High Risk
MERCH00181,Electronics,20,523.02,26.15,0,1,2,0.0,5.0,10.0,High Risk
MERCH00717,Grocery,20,1055.78,52.79,1,1,1,5.0,5.0,5.0,High Risk
MERCH00688,Retail,20,1073.39,53.67,3,1,1,15.0,5.0,5.0,High Risk
MERCH00680,Retail,20,908.47,45.42,1,1,1,5.0,5.0,5.0,High Risk
MERCH00652,Restaurant,20,950.45,47.52,1,1,1,5.0,5.0,5.0,High Risk
MERCH00576,Restaurant,20,1310.84,65.54,1,1,1,5.0,5.0,5.0,High Risk
MERCH00552,Restaurant,20,887.04,44.35,1,1,1,5.0,5.0,5.0,High Risk
MERCH00499,Fuel,20,841.3,42.06,4,1,1,20.0,5.0,5.0,High Risk
MERCH00456,Retail,20,1140.2,57.01,1,1,1,5.0,5.0,5.0,High Risk
MERCH00339,Retail,20,1198.09,59.9,2,1,1,10.0,5.0,5.0,High Risk
MERCH00310,Grocery,20,1095.57,54.78,0,1,1,0.0,5.0,5.0,High Risk
MERCH00281,Restaurant,20,1107.62,55.38,2,1,1,10.0,5.0,5.0,High Risk
MERCH00206,Retail,20,1482.03,74.1,1,1,1,5.0,5.0,5.0,High Risk
MERCH00128,Restaurant,20,866.74,43.34,2,1,1,10.0,5.0,5.0,High Risk
MERCH00112,Grocery,20,1119.41,55.97,1,1,1,5.0,5.0,5.0,High Risk
MERCH00101,Grocery,20,785.64,39.28,1,1,1,5.0,5.0,5.0,High Risk
MERCH00022,Retail,20,1062.92,53.15,2,1,1,10.0,5.0,5.0,High Risk
MERCH00020,Restaurant,20,1425.36,71.27,1,1,1,5.0,5.0,5.0,High Risk
MERCH00794,Fuel,20,1078.99,53.95,1,1,0,5.0,5.0,0.0,Medium Risk
MERCH00758,Restaurant,20,1019.92,51.0,0,1,0,0.0,5.0,0.0,Medium Risk
MERCH00684,Grocery,20,823.57,41.18,1,1,0,5.0,5.0,0.0,Medium Risk
MERCH00679,Grocery,20,1090.11,54.51,0,1,0,0.0,5.0,0.0,Medium Risk
MERCH00665,Retail,20,1102.63,55.13,2,1,0,10.0,5.0,0.0,Medium Risk
MERCH00654,Restaurant,20,1069.56,53.48,1,1,0,5.0,5.0,0.0,Medium Risk
MERCH00608,Grocery,20,842.58,42.13,1,1,0,5.0,5.0,0.0,Medium Risk
MERCH00474,Grocery,20,770.56,38.53,4,1,0,20.0,5.0,0.0,High Risk
MERCH00449,Retail,20,969.01,48.45,5,1,0,25.0,5.0,0.0,High Risk
MERCH00387,Retail,20,1152.91,57.65,2,1,0,10.0,5.0,0.0,Medium Risk
MERCH00380,Retail,20,968.64,48.43,0,1,0,0.0,5.0,0.0,Medium Risk
MERCH00366,Restaurant,20,917.07,45.85,2,1,0,10.0,5.0,0.0,Medium Risk
MERCH00360,Restaurant,20,1020.1,51.01,2,1,0,10.0,5.0,0.0,Medium Risk
MERCH00331,Grocery,20,1561.04,78.05,2,1,0,10.0,5.0,0.0,Medium Risk
MERCH00326,Restaurant,20,1130.29,56.51,1,1,0,5.0,5.0,0.0,Medium Risk
MERCH00313,Grocery,20,769.24,38.46,2,1,0,10.0,5.0,0.0,Medium Risk
MERCH00311,Grocery,20,1476.85,73.84,2,1,0,10.0,5.0,0.0,Medium Risk
MERCH00296,Retail,20,1845.69,92.28,3,1,0,15.0,5.0,0.0,High Risk
MERCH00295,Retail,20,1126.6,56.33,1,1,0,5.0,5.0,0.0,Medium Risk
MERCH00285,Retail,20,1233.37,61.67,0,1,0,0.0,5.0,0.0,Medium Risk
MERCH00282,Grocery,20,990.19,49.51,1,1,0,5.0,5.0,0.0,Medium Risk
MERCH00265,Retail,20,961.41,48.07,0,1,0,0.0,5.0,0.0,Medium Risk
MERCH00257,Restaurant,20,949.33,47.47,2,1,0,10.0,5.0,0.0,Medium Risk
MERCH00252,Grocery,20,1168.13,58.41,0,1,0,0.0,5.0,0.0,Medium Risk
MERCH00233,Restaurant,20,1139.67,56.98,2,1,0,10.0,5.0,0.0,Medium Risk
MERCH00227,Grocery,20,1643.94,82.2,2,1,0,10.0,5.0,0.0,Medium Risk
MERCH00178,Fuel,20,1031.62,51.58,2,1,0,10.0,5.0,0.0,Medium Risk
MERCH00157,Retail,20,1384.26,69.21,1,1,0,5.0,5.0,0.0,Medium Risk
MERCH00154,Grocery,20,1318.85,65.94,0,1,0,0.0,5.0,0.0,Medium Risk
MERCH00145,Restaurant,20,1253.01,62.65,1,1,0,5.0,5.0,0.0,Medium Risk
MERCH00135,Grocery,20,1064.92,53.25,0,1,0,0.0,5.0,0.0,Medium Risk
MERCH00129,Retail,20,1382.44,69.12,2,1,0,10.0,5.0,0.0,Medium Risk
MERCH00104,Restaurant,20,1212.83,60.64,2,1,0,10.0,5.0,0.0,Medium Risk
MERCH00090,Grocery,20,1417.84,70.89,2,1,0,10.0,5.0,0.0,Medium Risk
MERCH00089,Restaurant,20,924.15,46.21,1,1,0,5.0,5.0,0.0,Medium Risk
MERCH00079,Retail,20,1494.75,74.74,3,1,0,15.0,5.0,0.0,High Risk
MERCH00065,Restaurant,20,799.95,40.0,1,1,0,5.0,5.0,0.0,Medium Risk
MERCH00788,Retail,21,1234.31,58.78,2,1,2,9.52,4.76,9.52,High Risk
MERCH00660,Healthcare,21,833.41,39.69,2,1,2,9.52,4.76,9.52,High Risk
MERCH00046,Retail,21,903.23,43.01,0,1,2,0.0,4.76,9.52,High Risk
MERCH00795,Retail,21,1766.47,84.12,0,1,1,0.0,4.76,4.76,High Risk
MERCH00775,Retail,21,1092.46,52.02,0,1,1,0.0,4.76,4.76,High Risk
MERCH00766,Grocery,21,1230.48,58.59,3,1,1,14.29,4.76,4.76,High Risk
MERCH00516,Restaurant,21,1352.91,64.42,0,1,1,0.0,4.76,4.76,High Risk
MERCH00504,Grocery,21,1960.49,93.36,1,1,1,4.76,4.76,4.76,High Risk
MERCH00486,Restaurant,21,1439.04,68.53,3,1,1,14.29,4.76,4.76,High Risk
MERCH00475,Retail,21,1026.31,48.87,2,1,1,9.52,4.76,4.76,High Risk
MERCH00458,Retail,21,1229.46,58.55,0,1,1,0.0,4.76,4.76,High Risk
MERCH00384,Grocery,21,1026.76,48.89,0,1,1,0.0,4.76,4.76,High Risk
MERCH00361,Grocery,21,1104.37,52.59,1,1,1,4.76,4.76,4.76,High Risk
MERCH00184,Retail,21,809.87,38.57,1,1,1,4.76,4.76,4.76,High Risk
MERCH00152,Grocery,21,1114.41,53.07,0,1,1,0.0,4.76,4.76,High Risk
MERCH00151,Restaurant,21,774.8,36.9,1,1,1,4.76,4.76,4.76,High Risk
MERCH00134,Grocery,21,1351.98,64.38,2,1,1,9.52,4.76,4.76,High Risk
MERCH00115,Grocery,21,1259.09,59.96,2,1,1,9.52,4.76,4.76,High Risk
MERCH00084,Grocery,21,1219.56,58.07,0,1,1,0.0,4.76,4.76,High Risk
MERCH00053,Fuel,21,1328.29,63.25,1,1,1,4.76,4.76,4.76,High Risk
MERCH00006,Retail,21,818.33,38.97,1,1,1,4.76,4.76,4.76,High Risk
MERCH00799,Fuel,21,655.86,31.23,3,1,0,14.29,4.76,0.0,Medium Risk
MERCH00735,Restaurant,21,1470.27,70.01,1,1,0,4.76,4.76,0.0,Low Risk
MERCH00694,Grocery,21,830.17,39.53,1,1,0,4.76,4.76,0.0,Low Risk
MERCH00670,Retail,21,1696.37,80.78,2,1,0,9.52,4.76,0.0,Low Risk
MERCH00661,Restaurant,21,745.38,35.49,2,1,0,9.52,4.76,0.0,Low Risk
MERCH00617,Restaurant,21,907.9,43.23,4,1,0,19.05,4.76,0.0,High Risk
MERCH00597,Grocery,21,918.54,43.74,1,1,0,4.76,4.76,0.0,Low Risk
MERCH00581,Grocery,21,1448.68,68.98,1,1,0,4.76,4.76,0.0,Low Risk
MERCH00565,Retail,21,1185.43,56.45,1,1,0,4.76,4.76,0.0,Low Risk
MERCH00563,Fuel,21,1041.59,49.6,2,1,0,9.52,4.76,0.0,Low Risk
MERCH00519,Grocery,21,989.33,47.11,2,1,0,9.52,4.76,0.0,Low Risk
MERCH00505,Restaurant,21,799.74,38.08,2,1,0,9.52,4.76,0.0,Low Risk
MERCH00502,Restaurant,21,1463.17,69.67,2,1,0,9.52,4.76,0.0,Low Risk
MERCH00499,Grocery,21,1329.1,63.29,2,1,0,9.52,4.76,0.0,Low Risk
MERCH00463,Grocery,21,815.92,38.85,2,1,0,9.52,4.76,0.0,Low Risk
MERCH00454,Grocery,21,971.14,46.24,2,1,0,9.52,4.76,0.0,Low Risk
MERCH00440,Retail,21,1711.76,81.51,3,1,0,14.29,4.76,0.0,Medium Risk
MERCH00418,Retail,21,1088.18,51.82,1,1,0,4.76,4.76,0.0,Low Risk
MERCH00416,Retail,21,1314.86,62.61,2,1,0,9.52,4.76,0.0,Low Risk
MERCH00403,Grocery,21,1080.51,51.45,2,1,0,9.52,4.76,0.0,Low Risk
MERCH00380,Fuel,21,1118.37,53.26,1,1,0,4.76,4.76,0.0,Low Risk
MERCH00370,Grocery,21,936.16,44.58,0,1,0,0.0,4.76,0.0,Low Risk
MERCH00322,Retail,21,1104.19,52.58,3,1,0,14.29,4.76,0.0,Medium Risk
MERCH00315,Grocery,21,1275.34,60.73,2,1,0,9.52,4.76,0.0,Low Risk
MERCH00305,Restaurant,21,1180.14,56.2,2,1,0,9.52,4.76,0.0,Low Risk
MERCH00298,Retail,21,1215.08,57.86,0,1,0,0.0,4.76,0.0,Low Risk
MERCH00291,Fuel,21,1063.83,50.66,1,1,0,4.76,4.76,0.0,Low Risk
MERCH00285,Grocery,21,990.79,47.18,1,1,0,4.76,4.76,0.0,Low Risk
MERCH00264,Grocery,21,1722.67,82.03,0,1,0,0.0,4.76,0.0,Low Risk
MERCH00244,Grocery,21,1331.01,63.38,2,1,0,9.52,4.76,0.0,Low Risk
MERCH00231,Fuel,21,808.8,38.51,1,1,0,4.76,4.76,0.0,Low Risk
MERCH00206,Restaurant,21,711.01,33.86,1,1,0,4.76,4.76,0.0,Low Risk
MERCH00174,Restaurant,21,1215.66,57.89,5,1,0,23.81,4.76,0.0,High Risk
MERCH00163,Retail,21,1515.32,72.16,1,1,0,4.76,4.76,0.0,Low Risk
MERCH00128,Retail,21,1143.3,54.44,4,1,0,19.05,4.76,0.0,High Risk
MERCH00118,Grocery,21,1339.73,63.8,0,1,0,0.0,4.76,0.0,Low Risk
MERCH00111,Restaurant,21,934.2,44.49,1,1,0,4.76,4.76,0.0,Low Risk
MERCH00088,Restaurant,21,1398.41,66.59,0,1,0,0.0,4.76,0.0,Low Risk
MERCH00059,Retail,21,905.84,43.14,1,1,0,4.76,4.76,0.0,Low Risk
MERCH00024,Retail,21,1324.68,63.08,1,1,0,4.76,4.76,0.0,Low Risk
MERCH00790,Retail,22,1368.79,62.22,1,1,2,4.55,4.55,9.09,High Risk
MERCH00392,Restaurant,22,1288.94,58.59,4,1,2,18.18,4.55,9.09,High Risk
MERCH00145,Retail,22,1250.24,56.83,0,1,2,0.0,4.55,9.09,High Risk
MERCH00681,Grocery,22,924.96,42.04,2,1,1,9.09,4.55,4.55,High Risk
MERCH00643,Restaurant,22,1432.46,65.11,1,1,1,4.55,4.55,4.55,High Risk
MERCH00614,Grocery,22,890.52,40.48,3,1,1,13.64,4.55,4.55,High Risk
MERCH00606,Retail,22,1402.11,63.73,3,1,1,13.64,4.55,4.55,High Risk
MERCH00522,Restaurant,22,1281.89,58.27,2,1,1,9.09,4.55,4.55,High Risk
MERCH00484,Retail,22,973.41,44.25,1,1,1,4.55,4.55,4.55,High Risk
MERCH00386,Retail,22,934.05,42.46,0,1,1,0.0,4.55,4.55,High Risk
MERCH00370,Restaurant,22,1190.5,54.11,1,1,1,4.55,4.55,4.55,High Risk
MERCH00331,Retail,22,923.21,41.96,1,1,1,4.55,4.55,4.55,High Risk
MERCH00266,Restaurant,22,1224.7,55.67,1,1,1,4.55,4.55,4.55,High Risk
MERCH00198,Retail,22,1333.73,60.62,3,1,1,13.64,4.55,4.55,High Risk
MERCH00147,Grocery,22,1239.75,56.35,0,1,1,0.0,4.55,4.55,High Risk
MERCH00135,Retail,22,1227.29,55.79,2,1,1,9.09,4.55,4.55,High Risk
MERCH00081,Retail,22,1260.66,57.3,1,1,1,4.55,4.55,4.55,High Risk
MERCH00011,Retail,22,1466.84,66.67,1,1,1,4.55,4.55,4.55,High Risk
MERCH00002,Restaurant,22,1118.62,50.85,0,1,1,0.0,4.55,4.55,High Risk
MERCH00789,Retail,22,988.6,44.94,1,1,0,4.55,4.55,0.0,Low Risk
MERCH00788,Restaurant,22,1107.42,50.34,0,1,0,0.0,4.55,0.0,Low Risk
MERCH00748,Restaurant,22,992.88,45.13,1,1,0,4.55,4.55,0.0,Low Risk
MERCH00728,Retail,22,1178.99,53.59,2,1,0,9.09,4.55,0.0,Low Risk
MERCH00724,Grocery,22,1179.28,53.6,0,1,0,0.0,4.55,0.0,Low Risk
MERCH00698,Retail,22,883.0,40.14,2,1,0,9.09,4.55,0.0,Low Risk
MERCH00660,Retail,22,1383.42,62.88,0,1,0,0.0,4.55,0.0,Low Risk
MERCH00629,Travel,22,829.51,37.7,3,1,0,13.64,4.55,0.0,Medium Risk
MERCH00625,Fuel,22,1264.66,57.48,0,1,0,0.0,4.55,0.0,Low Risk
MERCH00609,Retail,22,1202.26,54.65,0,1,0,0.0,4.55,0.0,Low Risk
MERCH00579,Grocery,22,1192.75,54.22,1,1,0,4.55,4.55,0.0,Low Risk
MERCH00564,Retail,22,1399.65,63.62,3,1,0,13.64,4.55,0.0,Medium Risk
MERCH00519,Retail,22,1579.75,71.81,2,1,0,9.09,4.55,0.0,Low Risk
MERCH00494,Grocery,22,1002.98,45.59,2,1,0,9.09,4.55,0.0,Low Risk
MERCH00377,Retail,22,776.04,35.27,0,1,0,0.0,4.55,0.0,Low Risk
MERCH00375,Grocery,22,777.83,35.36,1,1,0,4.55,4.55,0.0,Low Risk
MERCH00357,Grocery,22,1401.59,63.71,4,1,0,18.18,4.55,0.0,High Risk
MERCH00341,Retail,22,1031.11,46.87,1,1,0,4.55,4.55,0.0,Low Risk
MERCH00275,Restaurant,22,1650.2,75.01,0,1,0,0.0,4.55,0.0,Low Risk
MERCH00217,Restaurant,22,862.15,39.19,1,1,0,4.55,4.55,0.0,Low Risk
MERCH00200,Retail,22,1139.16,51.78,3,1,0,13.64,4.55,0.0,Medium Risk
MERCH00191,Restaurant,22,1213.55,55.16,0,1,0,0.0,4.55,0.0,Low Risk
MERCH00053,Restaurant,22,1461.96,66.45,2,1,0,9.09,4.55,0.0,Low Risk
MERCH00006,Grocery,22,1159.09,52.69,0,1,0,0.0,4.55,0.0,Low Risk
MERCH00769,Retail,23,1181.77,51.38,0,1,3,0.0,4.35,13.04,High Risk
MERCH00741,Retail,23,1217.04,52.91,4,1,2,17.39,4.35,8.7,High Risk
MERCH00721,Retail,23,1062.99,46.22,1,1,2,4.35,4.35,8.7,High Risk
MERCH00136,Restaurant,23,794.0,34.52,2,1,2,8.7,4.35,8.7,High Risk
MERCH00741,Grocery,23,746.86,32.47,2,1,1,8.7,4.35,4.35,High Risk
MERCH00639,Retail,23,1581.11,68.74,3,1,1,13.04,4.35,4.35,High Risk
MERCH00599,Retail,23,1502.03,65.31,5,1,1,21.74,4.35,4.35,High Risk
MERCH00587,Grocery,23,1434.52,62.37,3,1,1,13.04,4.35,4.35,High Risk
MERCH00569,Grocery,23,901.11,39.18,2,1,1,8.7,4.35,4.35,High Risk
MERCH00539,Grocery,23,2363.21,102.75,1,1,1,4.35,4.35,4.35,High Risk
MERCH00535,Retail,23,1381.09,60.05,1,1,1,4.35,4.35,4.35,High Risk
MERCH00508,Retail,23,1290.33,56.1,2,1,1,8.7,4.35,4.35,High Risk
MERCH00469,Grocery,23,1072.51,46.63,0,1,1,0.0,4.35,4.35,High Risk
MERCH00446,Retail,23,1878.81,81.69,2,1,1,8.7,4.35,4.35,High Risk
MERCH00338,Retail,23,1307.29,56.84,0,1,1,0.0,4.35,4.35,High Risk
MERCH00306,Retail,23,1071.42,46.58,2,1,1,8.7,4.35,4.35,High Risk
MERCH00275,Retail,23,1589.31,69.1,3,1,1,13.04,4.35,4.35,High Risk
MERCH00275,Grocery,23,1557.19,67.7,1,1,1,4.35,4.35,4.35,High Risk
MERCH00217,Retail,23,1174.83,51.08,2,1,1,8.7,4.35,4.35,High Risk
MERCH00096,Grocery,23,1181.72,51.38,1,1,1,4.35,4.35,4.35,High Risk
MERCH00073,Restaurant,23,1553.61,67.55,0,1,1,0.0,4.35,4.35,High Risk
MERCH00737,Retail,23,1495.78,65.03,2,1,0,8.7,4.35,0.0,Low Risk
MERCH00642,Grocery,23,1464.32,63.67,2,1,0,8.7,4.35,0.0,Low Risk
MERCH00520,Retail,23,1219.32,53.01,0,1,0,0.0,4.35,0.0,Low Risk
MERCH00467,Retail,23,961.49,41.8,0,1,0,0.0,4.35,0.0,Low Risk
MERCH00315,Retail,23,1724.96,75.0,3,1,0,13.04,4.35,0.0,Medium Risk
MERCH00229,Retail,23,851.22,37.01,4,1,0,17.39,4.35,0.0,High Risk
MERCH00226,Grocery,23,1827.79,79.47,1,1,0,4.35,4.35,0.0,Low Risk
MERCH00190,Restaurant,23,1159.15,50.4,1,1,0,4.35,4.35,0.0,Low Risk
MERCH00181,Grocery,23,1379.81,59.99,0,1,0,0.0,4.35,0.0,Low Risk
MERCH00159,Grocery,23,1216.9,52.91,3,1,0,13.04,4.35,0.0,Medium Risk
MERCH00152,Retail,23,1682.53,73.15,1,1,0,4.35,4.35,0.0,Low Risk
MERCH00095,Restaurant,23,1458.85,63.43,3,1,0,13.04,4.35,0.0,Medium Risk
MERCH00068,Grocery,23,1162.53,50.54,2,1,0,8.7,4.35,0.0,Low Risk
MERCH00032,Retail,23,1313.08,57.09,3,1,0,13.04,4.35,0.0,Medium Risk
MERCH00030,Retail,23,1164.05,50.61,3,1,0,13.04,4.35,0.0,Medium Risk
MERCH00013,Restaurant,23,1284.34,55.84,2,1,0,8.7,4.35,0.0,Low Risk
MERCH00575,Retail,24,1316.81,54.87,1,1,3,4.17,4.17,12.5,High Risk
MERCH00713,Fuel,24,1606.74,66.95,0,1,1,0.0,4.17,4.17,High Risk
MERCH00688,Grocery,24,1070.98,44.62,1,1,1,4.17,4.17,4.17,High Risk
MERCH00409,Grocery,24,1395.46,58.14,1,1,1,4.17,4.17,4.17,High Risk
MERCH00383,Fuel,24,1173.22,48.88,2,1,1,8.33,4.17,4.17,High Risk
MERCH00096,Restaurant,24,1298.93,54.12,2,1,1,8.33,4.17,4.17,High Risk
MERCH00094,Retail,24,852.43,35.52,2,1,1,8.33,4.17,4.17,High Risk
MERCH00029,Retail,24,1145.06,47.71,1,1,1,4.17,4.17,4.17,High Risk
MERCH00762,Grocery,24,1048.68,43.7,3,1,0,12.5,4.17,0.0,Medium Risk
MERCH00736,Retail,24,1068.56,44.52,1,1,0,4.17,4.17,0.0,Low Risk
MERCH00733,Retail,24,1085.66,45.24,0,1,0,0.0,4.17,0.0,Low Risk
MERCH00724,Retail,24,897.19,37.38,1,1,0,4.17,4.17,0.0,Low Risk
MERCH00709,Retail,24,1624.84,67.7,1,1,0,4.17,4.17,0.0,Low Risk
MERCH00701,Grocery,24,958.71,39.95,2,1,0,8.33,4.17,0.0,Low Risk
MERCH00655,Retail,24,1240.04,51.67,4,1,0,16.67,4.17,0.0,High Risk
MERCH00647,Restaurant,24,1188.52,49.52,0,1,0,0.0,4.17,0.0,Low Risk
MERCH00629,Grocery,24,1067.22,44.47,2,1,0,8.33,4.17,0.0,Low Risk
MERCH00593,Retail,24,1213.14,50.55,3,1,0,12.5,4.17,0.0,Medium Risk
MERCH00592,Retail,24,974.97,40.62,1,1,0,4.17,4.17,0.0,Low Risk
MERCH00586,Retail,24,1009.36,42.06,2,1,0,8.33,4.17,0.0,Low Risk
MERCH00567,Retail,24,921.57,38.4,1,1,0,4.17,4.17,0.0,Low Risk
MERCH00567,Grocery,24,1193.29,49.72,4,1,0,16.67,4.17,0.0,High Risk
MERCH00547,Restaurant,24,1471.76,61.32,0,1,0,0.0,4.17,0.0,Low Risk
MERCH00546,Restaurant,24,1236.77,51.53,2,1,0,8.33,4.17,0.0,Low Risk
MERCH00490,Retail,24,1452.14,60.51,2,1,0,8.33,4.17,0.0,Low Risk
MERCH00403,Retail,24,1354.56,56.44,2,1,0,8.33,4.17,0.0,Low Risk
MERCH00389,Grocery,24,1138.33,47.43,2,1,0,8.33,4.17,0.0,Low Risk
MERCH00375,Retail,24,1645.68,68.57,2,1,0,8.33,4.17,0.0,Low Risk
MERCH00327,Retail,24,1281.23,53.38,0,1,0,0.0,4.17,0.0,Low Risk
MERCH00314,Retail,24,1003.72,41.82,2,1,0,8.33,4.17,0.0,Low Risk
MERCH00219,Grocery,24,1427.02,59.46,1,1,0,4.17,4.17,0.0,Low Risk
MERCH00154,Retail,24,1491.86,62.16,1,1,0,4.17,4.17,0.0,Low Risk
MERCH00144,Retail,24,1736.05,72.34,1,1,0,4.17,4.17,0.0,Low Risk
MERCH00129,Restaurant,24,1156.44,48.19,1,1,0,4.17,4.17,0.0,Low Risk
MERCH00106,Grocery,24,1425.45,59.39,2,1,0,8.33,4.17,0.0,Low Risk
MERCH00058,Grocery,24,1243.01,51.79,2,1,0,8.33,4.17,0.0,Low Risk
MERCH00023,Restaurant,24,941.63,39.23,3,1,0,12.5,4.17,0.0,Medium Risk
MERCH00012,Retail,24,812.69,33.86,1,1,0,4.17,4.17,0.0,Low Risk
MERCH00009,Retail,24,1563.57,65.15,3,1,0,12.5,4.17,0.0,Medium Risk
MERCH00617,Retail,25,1674.02,66.96,1,1,2,4.0,4.0,8.0,High Risk
MERCH00414,Retail,25,1325.67,53.03,0,1,2,0.0,4.0,8.0,High Risk
MERCH00279,Retail,25,1450.65,58.03,2,1,2,8.0,4.0,8.0,High Risk
MERCH00166,Restaurant,25,944.27,37.77,1,1,2,4.0,4.0,8.0,High Risk
MERCH00108,Grocery,25,1001.97,40.08,1,1,2,4.0,4.0,8.0,High Risk
MERCH00694,Retail,25,1230.39,49.22,4,1,1,16.0,4.0,4.0,High Risk
MERCH00686,Retail,25,1054.33,42.17,4,1,1,16.0,4.0,4.0,High Risk
MERCH00644,Retail,25,1289.09,51.56,0,1,1,0.0,4.0,4.0,High Risk
MERCH00636,Retail,25,1329.73,53.19,2,1,1,8.0,4.0,4.0,High Risk
MERCH00502,Retail,25,1803.43,72.14,0,1,1,0.0,4.0,4.0,High Risk
MERCH00455,Retail,25,1326.96,53.08,0,1,1,0.0,4.0,4.0,High Risk
MERCH00439,Restaurant,25,786.27,31.45,2,1,1,8.0,4.0,4.0,High Risk
MERCH00405,Retail,25,1705.18,68.21,1,1,1,4.0,4.0,4.0,High Risk
MERCH00291,Retail,25,1628.45,65.14,0,1,1,0.0,4.0,4.0,High Risk
MERCH00251,Grocery,25,1290.46,51.62,4,1,1,16.0,4.0,4.0,High Risk
MERCH00230,Retail,25,1486.85,59.47,3,1,1,12.0,4.0,4.0,High Risk
MERCH00158,Retail,25,1589.66,63.59,3,1,1,12.0,4.0,4.0,High Risk
MERCH00155,Retail,25,1278.28,51.13,2,1,1,8.0,4.0,4.0,High Risk
MERCH00793,Retail,25,976.82,39.07,3,1,0,12.0,4.0,0.0,Medium Risk
MERCH00780,Retail,25,1419.06,56.76,2,1,0,8.0,4.0,0.0,Low Risk
MERCH00702,Grocery,25,1688.6,67.54,4,1,0,16.0,4.0,0.0,High Risk
MERCH00584,Retail,25,1794.62,71.78,4,1,0,16.0,4.0,0.0,High Risk
MERCH00573,Retail,25,1850.54,74.02,2,1,0,8.0,4.0,0.0,Low Risk
MERCH00521,Grocery,25,981.78,39.27,3,1,0,12.0,4.0,0.0,Medium Risk
MERCH00516,Fuel,25,1506.2,60.25,2,1,0,8.0,4.0,0.0,Low Risk
MERCH00493,Grocery,25,1927.11,77.08,1,1,0,4.0,4.0,0.0,Low Risk
MERCH00476,Retail,25,1389.17,55.57,3,1,0,12.0,4.0,0.0,Medium Risk
MERCH00377,Grocery,25,992.87,39.71,2,1,0,8.0,4.0,0.0,Low Risk
MERCH00374,Grocery,25,1119.73,44.79,4,1,0,16.0,4.0,0.0,High Risk
MERCH00364,Retail,25,1130.07,45.2,2,1,0,8.0,4.0,0.0,Low Risk
MERCH00363,Retail,25,1171.59,46.86,3,1,0,12.0,4.0,0.0,Medium Risk
MERCH00345,Retail,25,1028.3,41.13,2,1,0,8.0,4.0,0.0,Low Risk
MERCH00319,Grocery,25,1090.56,43.62,2,1,0,8.0,4.0,0.0,Low Risk
MERCH00301,Retail,25,1921.21,76.85,2,1,0,8.0,4.0,0.0,Low Risk
MERCH00283,Restaurant,25,1317.85,52.71,2,1,0,8.0,4.0,0.0,Low Risk
MERCH00273,Retail,25,1423.27,56.93,3,1,0,12.0,4.0,0.0,Medium Risk
MERCH00251,Retail,25,1260.19,50.41,2,1,0,8.0,4.0,0.0,Low Risk
MERCH00156,Retail,25,1505.26,60.21,3,1,0,12.0,4.0,0.0,Medium Risk
MERCH00121,Retail,25,836.15,33.45,1,1,0,4.0,4.0,0.0,Low Risk
MERCH00115,Retail,25,1183.09,47.32,3,1,0,12.0,4.0,0.0,Medium Risk
MERCH00111,Grocery,25,970.31,38.81,3,1,0,12.0,4.0,0.0,Medium Risk
MERCH00066,Restaurant,25,1708.79,68.35,4,1,0,16.0,4.0,0.0,High Risk
MERCH00547,Retail,26,1787.21,68.74,1,1,2,3.85,3.85,7.69,High Risk
MERCH00345,Grocery,26,1478.7,56.87,1,1,2,3.85,3.85,7.69,High Risk
MERCH00137,Retail,26,1283.91,49.38,3,1,2,11.54,3.85,7.69,High Risk
MERCH00026,Grocery,26,1318.69,50.72,4,1,2,15.38,3.85,7.69,High Risk
MERCH00675,Retail,26,1292.48,49.71,3,1,1,11.54,3.85,3.85,Medium Risk
MERCH00666,Retail,26,1566.75,60.26,3,1,1,11.54,3.85,3.85,Medium Risk
MERCH00527,Retail,26,1144.24,44.01,3,1,1,11.54,3.85,3.85,Medium Risk
MERCH00525,Grocery,26,1183.79,45.53,1,1,1,3.85,3.85,3.85,Medium Risk
MERCH00430,Retail,26,1086.32,41.78,0,1,1,0.0,3.85,3.85,Medium Risk
MERCH00334,Retail,26,1570.5,60.4,2,1,1,7.69,3.85,3.85,Medium Risk
MERCH00302,Restaurant,26,1308.27,50.32,1,1,1,3.85,3.85,3.85,Medium Risk
MERCH00271,Retail,26,1284.23,49.39,1,1,1,3.85,3.85,3.85,Medium Risk
MERCH00242,Retail,26,1398.5,53.79,1,1,1,3.85,3.85,3.85,Medium Risk
MERCH00097,Retail,26,1137.73,43.76,1,1,1,3.85,3.85,3.85,Medium Risk
MERCH00800,Retail,26,1948.05,74.92,2,1,0,7.69,3.85,0.0,Low Risk
MERCH00797,Restaurant,26,917.84,35.3,1,1,0,3.85,3.85,0.0,Low Risk
MERCH00770,Retail,26,1618.4,62.25,1,1,0,3.85,3.85,0.0,Low Risk
MERCH00745,Retail,26,1816.04,69.85,2,1,0,7.69,3.85,0.0,Low Risk
MERCH00711,Retail,26,1347.75,51.84,2,1,0,7.69,3.85,0.0,Low Risk
MERCH00708,Retail,26,1263.27,48.59,0,1,0,0.0,3.85,0.0,Low Risk
MERCH00650,Retail,26,1264.38,48.63,3,1,0,11.54,3.85,0.0,Medium Risk
MERCH00631,Retail,26,1472.97,56.65,0,1,0,0.0,3.85,0.0,Low Risk
MERCH00604,Retail,26,1239.33,47.67,3,1,0,11.54,3.85,0.0,Medium Risk
MERCH00538,Restaurant,26,1469.33,56.51,2,1,0,7.69,3.85,0.0,Low Risk
MERCH00480,Retail,26,1635.22,62.89,2,1,0,7.69,3.85,0.0,Low Risk
MERCH00444,Restaurant,26,2087.23,80.28,2,1,0,7.69,3.85,0.0,Low Risk
MERCH00408,Retail,26,1180.1,45.39,3,1,0,11.54,3.85,0.0,Medium Risk
MERCH00385,Restaurant,26,1725.71,66.37,2,1,0,7.69,3.85,0.0,Low Risk
MERCH00297,Retail,26,2163.42,83.21,2,1,0,7.69,3.85,0.0,Low Risk
MERCH00208,Grocery,26,1478.15,56.85,4,1,0,15.38,3.85,0.0,High Risk
MERCH00173,Retail,26,1818.11,69.93,1,1,0,3.85,3.85,0.0,Low Risk
MERCH00172,Grocery,26,1473.07,56.66,2,1,0,7.69,3.85,0.0,Low Risk
MERCH00143,Retail,26,924.37,35.55,2,1,0,7.69,3.85,0.0,Low Risk
MERCH00082,Retail,26,1509.88,58.07,2,1,0,7.69,3.85,0.0,Low Risk
MERCH00004,Retail,26,1768.7,68.03,2,1,0,7.69,3.85,0.0,Low Risk
MERCH00504,Retail,27,1282.14,47.49,0,1,2,0.0,3.7,7.41,High Risk
MERCH00537,Restaurant,27,1926.64,71.36,2,1,1,7.41,3.7,3.7,Medium Risk
MERCH00457,Grocery,27,1267.39,46.94,2,1,1,7.41,3.7,3.7,Medium Risk
MERCH00441,Grocery,27,1678.83,62.18,2,1,1,7.41,3.7,3.7,Medium Risk
MERCH00351,Retail,27,1776.68,65.8,1,1,1,3.7,3.7,3.7,Medium Risk
MERCH00224,Retail,27,1520.42,56.31,1,1,1,3.7,3.7,3.7,Medium Risk
MERCH00159,Retail,27,1504.99,55.74,2,1,1,7.41,3.7,3.7,Medium Risk
MERCH00108,Retail,27,1917.19,71.01,1,1,1,3.7,3.7,3.7,Medium Risk
MERCH00755,Retail,27,1933.95,71.63,1,1,0,3.7,3.7,0.0,Low Risk
MERCH00710,Retail,27,1563.3,57.9,3,1,0,11.11,3.7,0.0,Medium Risk
MERCH00710,Restaurant,27,1392.45,51.57,2,1,0,7.41,3.7,0.0,Low Risk
MERCH00572,Retail,27,1595.74,59.1,1,1,0,3.7,3.7,0.0,Low Risk
MERCH00571,Retail,27,984.1,36.45,3,1,0,11.11,3.7,0.0,Medium Risk
MERCH00554,Retail,27,2049.1,75.89,1,1,0,3.7,3.7,0.0,Low Risk
MERCH00504,Restaurant,27,1882.66,69.73,3,1,0,11.11,3.7,0.0,Medium Risk
MERCH00400,Retail,27,1294.4,47.94,1,1,0,3.7,3.7,0.0,Low Risk
MERCH00389,Retail,27,1195.55,44.28,1,1,0,3.7,3.7,0.0,Low Risk
MERCH00294,Grocery,27,1340.21,49.64,0,1,0,0.0,3.7,0.0,Low Risk
MERCH00286,Retail,27,1343.49,49.76,1,1,0,3.7,3.7,0.0,Low Risk
MERCH00249,Retail,27,1147.25,42.49,1,1,0,3.7,3.7,0.0,Low Risk
MERCH00201,Retail,27,1462.11,54.15,0,1,0,0.0,3.7,0.0,Low Risk
MERCH00195,Retail,27,1451.63,53.76,0,1,0,0.0,3.7,0.0,Low Risk
MERCH00169,Retail,27,1355.44,50.2,2,1,0,7.41,3.7,0.0,Low Risk
MERCH00125,Restaurant,27,1539.61,57.02,0,1,0,0.0,3.7,0.0,Low Risk
MERCH00108,Restaurant,27,1104.97,40.92,1,1,0,3.7,3.7,0.0,Low Risk
MERCH00105,Retail,27,1097.63,40.65,0,1,0,0.0,3.7,0.0,Low Risk
MERCH00027,Retail,27,1565.29,57.97,4,1,0,14.81,3.7,0.0,Medium Risk
MERCH00356,Retail,28,1255.2,44.83,5,1,2,17.86,3.57,7.14,High Risk
MERCH00126,Retail,28,1111.39,39.69,2,1,2,7.14,3.57,7.14,High Risk
MERCH00542,Retail,28,1633.76,58.35,4,1,1,14.29,3.57,3.57,Medium Risk
MERCH00221,Retail,28,1507.79,53.85,6,1,1,21.43,3.57,3.57,High Risk
MERCH00092,Retail,28,1518.46,54.23,1,1,1,3.57,3.57,3.57,Medium Risk
MERCH00618,Retail,28,2135.76,76.28,0,1,0,0.0,3.57,0.0,Low Risk
MERCH00555,Retail,28,2095.53,74.84,2,1,0,7.14,3.57,0.0,Low Risk
MERCH00523,Retail,28,1673.58,59.77,1,1,0,3.57,3.57,0.0,Low Risk
MERCH00514,Retail,28,1534.96,54.82,3,1,0,10.71,3.57,0.0,Medium Risk
MERCH00333,Retail,28,1463.62,52.27,0,1,0,0.0,3.57,0.0,Low Risk
MERCH00188,Grocery,28,1544.86,55.17,2,1,0,7.14,3.57,0.0,Low Risk
MERCH00072,Retail,28,1639.35,58.55,2,1,0,7.14,3.57,0.0,Low Risk
MERCH00005,Grocery,28,1848.76,66.03,4,1,0,14.29,3.57,0.0,Medium Risk
MERCH00792,Retail,29,1472.03,50.76,1,1,1,3.45,3.45,3.45,Medium Risk
MERCH00525,Retail,29,1227.92,42.34,2,1,1,6.9,3.45,3.45,Medium Risk
MERCH00411,Retail,29,1590.87,54.86,2,1,1,6.9,3.45,3.45,Medium Risk
MERCH00278,Retail,29,1242.14,42.83,0,1,1,0.0,3.45,3.45,Medium Risk
MERCH00010,Retail,29,1526.52,52.64,1,1,1,3.45,3.45,3.45,Medium Risk
MERCH00747,Retail,29,1562.54,53.88,4,1,0,13.79,3.45,0.0,Medium Risk
MERCH00703,Retail,29,1377.56,47.5,3,1,0,10.34,3.45,0.0,Medium Risk
MERCH00628,Grocery,29,1246.19,42.97,1,1,0,3.45,3.45,0.0,Low Risk
MERCH00600,Retail,29,2197.1,75.76,2,1,0,6.9,3.45,0.0,Low Risk
MERCH00583,Retail,29,2293.24,79.08,1,1,0,3.45,3.45,0.0,Low Risk
MERCH00548,Retail,29,1324.03,45.66,1,1,0,3.45,3.45,0.0,Low Risk
MERCH00395,Retail,29,1547.09,53.35,3,1,0,10.34,3.45,0.0,Medium Risk
MERCH00262,Retail,29,1633.06,56.31,0,1,0,0.0,3.45,0.0,Low Risk
MERCH00146,Grocery,29,1775.26,61.22,2,1,0,6.9,3.45,0.0,Low Risk
MERCH00141,Retail,29,1527.21,52.66,0,1,0,0.0,3.45,0.0,Low Risk
MERCH00085,Retail,29,1799.4,62.05,3,1,0,10.34,3.45,0.0,Medium Risk
MERCH00622,Retail,30,1648.83,54.96,4,1,0,13.33,3.33,0.0,Medium Risk
MERCH00484,Grocery,30,1904.45,63.48,2,1,0,6.67,3.33,0.0,Low Risk
MERCH00479,Retail,30,1441.1,48.04,4,1,0,13.33,3.33,0.0,Medium Risk
MERCH00462,Retail,30,1343.84,44.79,0,1,0,0.0,3.33,0.0,Low Risk
MERCH00630,Retail,31,2030.75,65.51,5,1,1,16.13,3.23,3.23,High Risk
MERCH00093,Retail,31,1149.11,37.07,3,1,1,9.68,3.23,3.23,Medium Risk
MERCH00193,Retail,31,1822.92,58.8,1,1,0,3.23,3.23,0.0,Low Risk
MERCH00170,Retail,31,1367.57,44.12,0,1,0,0.0,3.23,0.0,Low Risk
MERCH00066,Retail,31,1773.12,57.2,2,1,0,6.45,3.23,0.0,Low Risk
MERCH00725,Retail,32,1651.56,51.61,2,1,2,6.25,3.13,6.25,High Risk
MERCH00582,Retail,32,1576.06,49.25,2,1,1,6.25,3.13,3.13,Medium Risk
MERCH00667,Retail,32,1863.15,58.22,3,1,0,9.38,3.13,0.0,Low Risk
MERCH00676,Retail,33,1537.24,46.58,1,1,1,3.03,3.03,3.03,Medium Risk
MERCH00648,Retail,33,2212.02,67.03,3,1,1,9.09,3.03,3.03,Medium Risk
MERCH00734,Retail,33,2040.31,61.83,1,1,0,3.03,3.03,0.0,Low Risk
MERCH00729,Retail,33,1785.76,54.11,3,1,0,9.09,3.03,0.0,Low Risk
MERCH00082,Grocery,33,2098.63,63.59,1,1,0,3.03,3.03,0.0,Low Risk
MERCH00223,Retail,34,1955.1,57.5,0,1,0,0.0,2.94,0.0,Low Risk
MERCH00182,Retail,34,1793.05,52.74,2,1,0,5.88,2.94,0.0,Low Risk
MERCH00272,Retail,35,2108.64,60.25,2,1,0,5.71,2.86,0.0,Low Risk
MERCH00712,Retail,36,2107.3,58.54,2,1,1,5.56,2.78,2.78,Medium Risk
MERCH00605,Retail,36,2356.92,65.47,4,1,0,11.11,2.78,0.0,Medium Risk
MERCH00444,Retail,36,1389.8,38.61,3,1,0,8.33,2.78,0.0,Low Risk
MERCH00421,Grocery,20,1237.62,61.88,1,0,2,5.0,0.0,10.0,High Risk
MERCH00383,Retail,20,874.38,43.72,2,0,2,10.0,0.0,10.0,High Risk
MERCH00554,Grocery,21,993.34,47.3,2,0,2,9.52,0.0,9.52,High Risk
MERCH00292,Grocery,21,916.72,43.65,0,0,2,0.0,0.0,9.52,High Risk
MERCH00109,Grocery,21,1070.52,50.98,3,0,2,14.29,0.0,9.52,High Risk
MERCH00549,Grocery,22,967.81,43.99,4,0,2,18.18,0.0,9.09,High Risk
MERCH00238,Electronics,22,803.14,36.51,2,0,2,9.09,0.0,9.09,High Risk
MERCH00203,Restaurant,22,1011.11,45.96,0,0,2,0.0,0.0,9.09,High Risk
MERCH00064,Retail,22,917.92,41.72,3,0,2,13.64,0.0,9.09,High Risk
MERCH00797,Retail,23,1346.75,58.55,1,0,2,4.35,0.0,8.7,High Risk
MERCH00751,Restaurant,23,1373.46,59.72,3,0,2,13.04,0.0,8.7,High Risk
MERCH00432,Retail,23,1751.43,76.15,1,0,2,4.35,0.0,8.7,High Risk
MERCH00332,Retail,23,1132.56,49.24,3,0,2,13.04,0.0,8.7,High Risk
MERCH00310,Restaurant,23,1336.85,58.12,0,0,2,0.0,0.0,8.7,High Risk
MERCH00775,Restaurant,24,1825.07,76.04,2,0,2,8.33,0.0,8.33,High Risk
MERCH00596,Restaurant,24,1096.81,45.7,2,0,2,8.33,0.0,8.33,High Risk
MERCH00145,Grocery,24,1823.7,75.99,1,0,2,4.17,0.0,8.33,High Risk
MERCH00074,Retail,24,1453.03,60.54,1,0,2,4.17,0.0,8.33,High Risk
MERCH00615,Retail,25,1445.4,57.82,0,0,2,0.0,0.0,8.0,High Risk
MERCH00541,Grocery,27,1413.83,52.36,1,0,2,3.7,0.0,7.41,High Risk
MERCH00098,Grocery,27,1445.44,53.53,2,0,2,7.41,0.0,7.41,High Risk
MERCH00209,Retail,28,1653.83,59.07,2,0,2,7.14,0.0,7.14,High Risk
MERCH00739,Retail,32,1574.75,49.21,1,0,2,3.13,0.0,6.25,High Risk
MERCH00276,Retail,35,1995.81,57.02,3,0,2,8.57,0.0,5.71,High Risk
MERCH00797,Grocery,20,1226.12,61.31,2,0,1,10.0,0.0,5.0,High Risk
MERCH00795,Restaurant,20,1054.48,52.72,0,0,1,0.0,0.0,5.0,High Risk
MERCH00790,Grocery,20,810.21,40.51,3,0,1,15.0,0.0,5.0,High Risk
MERCH00751,Grocery,20,903.18,45.16,1,0,1,5.0,0.0,5.0,High Risk
MERCH00721,Grocery,20,1119.3,55.96,0,0,1,0.0,0.0,5.0,High Risk
MERCH00695,Retail,20,571.32,28.57,1,0,1,5.0,0.0,5.0,High Risk
MERCH00613,Restaurant,20,950.19,47.51,0,0,1,0.0,0.0,5.0,High Risk
MERCH00610,Grocery,20,1014.87,50.74,1,0,1,5.0,0.0,5.0,High Risk
MERCH00578,Grocery,20,1275.51,63.78,1,0,1,5.0,0.0,5.0,High Risk
MERCH00516,Grocery,20,1712.27,85.61,1,0,1,5.0,0.0,5.0,High Risk
MERCH00418,Grocery,20,739.04,36.95,2,0,1,10.0,0.0,5.0,High Risk
MERCH00409,Retail,20,1144.7,57.23,0,0,1,0.0,0.0,5.0,High Risk
MERCH00397,Restaurant,20,887.72,44.39,0,0,1,0.0,0.0,5.0,High Risk
MERCH00333,Restaurant,20,1361.01,68.05,0,0,1,0.0,0.0,5.0,High Risk
MERCH00324,Retail,20,1029.7,51.48,3,0,1,15.0,0.0,5.0,High Risk
MERCH00204,Grocery,20,1014.19,50.71,1,0,1,5.0,0.0,5.0,High Risk
MERCH00149,Retail,20,619.19,30.96,0,0,1,0.0,0.0,5.0,High Risk
MERCH00018,Retail,20,1760.2,88.01,3,0,1,15.0,0.0,5.0,High Risk
MERCH00752,Retail,21,778.57,37.07,0,0,1,0.0,0.0,4.76,High Risk
MERCH00726,Retail,21,1305.54,62.17,2,0,1,9.52,0.0,4.76,High Risk
MERCH00719,Retail,21,1141.64,54.36,1,0,1,4.76,0.0,4.76,High Risk
MERCH00712,Restaurant,21,922.85,43.95,1,0,1,4.76,0.0,4.76,High Risk
MERCH00699,Retail,21,1162.74,55.37,1,0,1,4.76,0.0,4.76,High Risk
MERCH00640,Grocery,21,1211.83,57.71,0,0,1,0.0,0.0,4.76,High Risk
MERCH00611,Retail,21,1198.34,57.06,2,0,1,9.52,0.0,4.76,High Risk
MERCH00604,Grocery,21,954.08,45.43,2,0,1,9.52,0.0,4.76,High Risk
MERCH00524,Retail,21,1094.42,52.12,2,0,1,9.52,0.0,4.76,High Risk
MERCH00518,Retail,21,596.56,28.41,1,0,1,4.76,0.0,4.76,High Risk
MERCH00509,Grocery,21,859.95,40.95,0,0,1,0.0,0.0,4.76,High Risk
MERCH00416,Restaurant,21,793.31,37.78,2,0,1,9.52,0.0,4.76,High Risk
MERCH00395,Restaurant,21,1340.15,63.82,0,0,1,0.0,0.0,4.76,High Risk
MERCH00368,Restaurant,21,984.88,46.9,0,0,1,0.0,0.0,4.76,High Risk
MERCH00296,Restaurant,21,1410.27,67.16,4,0,1,19.05,0.0,4.76,High Risk
MERCH00257,Retail,21,1003.44,47.78,1,0,1,4.76,0.0,4.76,High Risk
MERCH00243,Restaurant,21,1717.07,81.77,2,0,1,9.52,0.0,4.76,High Risk
MERCH00172,Travel,21,1139.28,54.25,2,0,1,9.52,0.0,4.76,High Risk
MERCH00137,Fuel,21,954.64,45.46,0,0,1,0.0,0.0,4.76,High Risk
MERCH00057,Retail,21,1490.71,70.99,2,0,1,9.52,0.0,4.76,High Risk
MERCH00007,Retail,21,920.46,43.83,1,0,1,4.76,0.0,4.76,High Risk
MERCH00794,Retail,22,1186.65,53.94,1,0,1,4.55,0.0,4.55,High Risk
MERCH00654,Retail,22,775.92,35.27,3,0,1,13.64,0.0,4.55,High Risk
MERCH00570,Retail,22,1335.67,60.71,2,0,1,9.09,0.0,4.55,High Risk
MERCH00529,Grocery,22,1137.63,51.71,2,0,1,9.09,0.0,4.55,High Risk
MERCH00492,Fuel,22,1514.03,68.82,1,0,1,4.55,0.0,4.55,High Risk
MERCH00485,Restaurant,22,1199.71,54.53,1,0,1,4.55,0.0,4.55,High Risk
MERCH00465,Grocery,22,997.31,45.33,2,0,1,9.09,0.0,4.55,High Risk
MERCH00340,Retail,22,1011.62,45.98,0,0,1,0.0,0.0,4.55,High Risk
MERCH00291,Grocery,22,982.07,44.64,1,0,1,4.55,0.0,4.55,High Risk
MERCH00264,Restaurant,22,1838.7,83.58,2,0,1,9.09,0.0,4.55,High Risk
MERCH00249,Fuel,22,1437.01,65.32,2,0,1,9.09,0.0,4.55,High Risk
MERCH00197,Retail,22,974.86,44.31,4,0,1,18.18,0.0,4.55,High Risk
MERCH00193,Restaurant,22,1339.98,60.91,0,0,1,0.0,0.0,4.55,High Risk
MERCH00785,Retail,23,1644.12,71.48,2,0,1,8.7,0.0,4.35,High Risk
MERCH00732,Grocery,23,1029.96,44.78,3,0,1,13.04,0.0,4.35,High Risk
MERCH00708,Grocery,23,1155.75,50.25,1,0,1,4.35,0.0,4.35,High Risk
MERCH00579,Restaurant,23,719.37,31.28,0,0,1,0.0,0.0,4.35,High Risk
MERCH00419,Retail,23,1260.97,54.82,2,0,1,8.7,0.0,4.35,High Risk
MERCH00413,Retail,23,1437.99,62.52,2,0,1,8.7,0.0,4.35,High Risk
MERCH00325,Retail,23,1480.19,64.36,2,0,1,8.7,0.0,4.35,High Risk
MERCH00288,Retail,23,755.88,32.86,3,0,1,13.04,0.0,4.35,High Risk
MERCH00254,Restaurant,23,1540.73,66.99,1,0,1,4.35,0.0,4.35,High Risk
MERCH00195,Grocery,23,1170.44,50.89,0,0,1,0.0,0.0,4.35,High Risk
MERCH00179,Retail,23,1255.85,54.6,2,0,1,8.7,0.0,4.35,High Risk
MERCH00772,Grocery,24,1630.66,67.94,0,0,1,0.0,0.0,4.17,High Risk
MERCH00729,Grocery,24,1444.73,60.2,2,0,1,8.33,0.0,4.17,High Risk
MERCH00672,Retail,24,1241.83,51.74,2,0,1,8.33,0.0,4.17,High Risk
MERCH00668,Retail,24,1015.45,42.31,0,0,1,0.0,0.0,4.17,High Risk
MERCH00599,Grocery,24,1704.09,71.0,1,0,1,4.17,0.0,4.17,High Risk
MERCH00576,Retail,24,1191.16,49.63,1,0,1,4.17,0.0,4.17,High Risk
MERCH00561,Retail,24,1177.3,49.05,3,0,1,12.5,0.0,4.17,High Risk
MERCH00497,Grocery,24,1135.15,47.3,1,0,1,4.17,0.0,4.17,High Risk
MERCH00466,Retail,24,1328.88,55.37,2,0,1,8.33,0.0,4.17,High Risk
MERCH00369,Retail,24,1212.33,50.51,0,0,1,0.0,0.0,4.17,High Risk
MERCH00341,Grocery,24,1275.12,53.13,2,0,1,8.33,0.0,4.17,High Risk
MERCH00203,Retail,24,1297.81,54.08,1,0,1,4.17,0.0,4.17,High Risk
MERCH00199,Restaurant,24,1084.15,45.17,0,0,1,0.0,0.0,4.17,High Risk
MERCH00199,Grocery,24,1204.27,50.18,1,0,1,4.17,0.0,4.17,High Risk
MERCH00186,Retail,24,1727.25,71.97,0,0,1,0.0,0.0,4.17,High Risk
MERCH00162,Retail,24,808.26,33.68,2,0,1,8.33,0.0,4.17,High Risk
MERCH00014,Restaurant,24,1424.81,59.37,1,0,1,4.17,0.0,4.17,High Risk
MERCH00013,Retail,24,1657.64,69.07,1,0,1,4.17,0.0,4.17,High Risk
MERCH00610,Retail,25,1396.43,55.86,1,0,1,4.0,0.0,4.0,High Risk
MERCH00537,Retail,25,959.81,38.39,1,0,1,4.0,0.0,4.0,High Risk
MERCH00476,Restaurant,25,1236.42,49.46,1,0,1,4.0,0.0,4.0,High Risk
MERCH00098,Restaurant,25,1338.72,53.55,1,0,1,4.0,0.0,4.0,High Risk
MERCH00447,Retail,26,1483.53,57.06,1,0,1,3.85,0.0,3.85,Medium Risk
MERCH00302,Retail,26,1277.75,49.14,2,0,1,7.69,0.0,3.85,Medium Risk
MERCH00290,Retail,26,1588.33,61.09,2,0,1,7.69,0.0,3.85,Medium Risk
MERCH00199,Retail,26,1274.16,49.01,0,0,1,0.0,0.0,3.85,Medium Risk
MERCH00188,Restaurant,26,1709.03,65.73,3,0,1,11.54,0.0,3.85,Medium Risk
MERCH00133,Retail,26,1266.89,48.73,1,0,1,3.85,0.0,3.85,Medium Risk
MERCH00058,Retail,26,1507.4,57.98,1,0,1,3.85,0.0,3.85,Medium Risk
MERCH00045,Retail,26,1400.86,53.88,2,0,1,7.69,0.0,3.85,Medium Risk
MERCH00349,Retail,27,1536.15,56.89,2,0,1,7.41,0.0,3.7,Medium Risk
MERCH00213,Retail,27,1540.55,57.06,1,0,1,3.7,0.0,3.7,Medium Risk
MERCH00722,Retail,28,1832.28,65.44,1,0,1,3.57,0.0,3.57,Medium Risk
MERCH00474,Retail,28,1898.27,67.8,3,0,1,10.71,0.0,3.57,Medium Risk
MERCH00429,Retail,28,2069.22,73.9,0,0,1,0.0,0.0,3.57,Medium Risk
MERCH00414,Restaurant,28,2021.76,72.21,3,0,1,10.71,0.0,3.57,Medium Risk
MERCH00113,Restaurant,28,1681.1,60.04,3,0,1,10.71,0.0,3.57,Medium Risk
MERCH00587,Retail,30,1207.73,40.26,3,0,1,10.0,0.0,3.33,Medium Risk
MERCH00595,Retail,31,1898.72,61.25,3,0,1,9.68,0.0,3.23,Medium Risk
MERCH00151,Retail,31,2535.04,81.78,1,0,1,3.23,0.0,3.23,Medium Risk
MERCH00267,Retail,32,1557.38,48.67,2,0,1,6.25,0.0,3.13,Medium Risk
MERCH00787,Retail,33,1822.64,55.23,0,0,1,0.0,0.0,3.03,Medium Risk
MERCH00442,Retail,33,1137.58,34.47,4,0,1,12.12,0.0,3.03,Medium Risk
MERCH00735,Retail,35,2152.94,61.51,6,0,1,17.14,0.0,2.86,High Risk
MERCH00796,Retail,29,2008.04,69.24,3,0,0,10.34,0.0,0.0,Medium Risk
MERCH00796,Grocery,21,1023.6,48.74,3,0,0,14.29,0.0,0.0,Medium Risk
MERCH00793,Grocery,20,1036.9,51.85,0,0,0,0.0,0.0,0.0,Low Risk
MERCH00787,Fuel,21,1094.03,52.1,2,0,0,9.52,0.0,0.0,Low Risk
MERCH00786,Retail,30,2174.76,72.49,3,0,0,10.0,0.0,0.0,Medium Risk
MERCH00782,Retail,23,1061.5,46.15,2,0,0,8.7,0.0,0.0,Low Risk
MERCH00781,Restaurant,21,1054.75,50.23,2,0,0,9.52,0.0,0.0,Low Risk
MERCH00778,Grocery,22,1233.05,56.05,4,0,0,18.18,0.0,0.0,High Risk
MERCH00777,Retail,21,903.57,43.03,2,0,0,9.52,0.0,0.0,Low Risk
MERCH00775,Grocery,21,710.66,33.84,1,0,0,4.76,0.0,0.0,Low Risk
MERCH00774,Retail,25,1383.7,55.35,1,0,0,4.0,0.0,0.0,Low Risk
MERCH00774,Restaurant,21,1620.29,77.16,1,0,0,4.76,0.0,0.0,Low Risk
MERCH00774,Grocery,24,1836.58,76.52,3,0,0,12.5,0.0,0.0,Medium Risk
MERCH00771,Retail,20,932.08,46.6,0,0,0,0.0,0.0,0.0,Low Risk
MERCH00771,Grocery,20,1152.46,57.62,3,0,0,15.0,0.0,0.0,High Risk
MERCH00767,Retail,22,901.24,40.97,0,0,0,0.0,0.0,0.0,Low Risk
MERCH00767,Grocery,24,1507.66,62.82,2,0,0,8.33,0.0,0.0,Low Risk
MERCH00765,Grocery,21,930.06,44.29,3,0,0,14.29,0.0,0.0,Medium Risk
MERCH00758,Retail,22,1293.04,58.77,2,0,0,9.09,0.0,0.0,Low Risk
MERCH00756,Retail,28,987.73,35.28,0,0,0,0.0,0.0,0.0,Low Risk
MERCH00756,Fuel,23,1642.7,71.42,3,0,0,13.04,0.0,0.0,Medium Risk
MERCH00751,Retail,22,1074.21,48.83,2,0,0,9.09,0.0,0.0,Low Risk
MERCH00750,Retail,20,1205.49,60.27,2,0,0,10.0,0.0,0.0,Medium Risk
MERCH00748,Grocery,21,888.33,42.3,1,0,0,4.76,0.0,0.0,Low Risk
MERCH00746,Retail,23,1270.66,55.25,3,0,0,13.04,0.0,0.0,Medium Risk
MERCH00742,Retail,27,1579.29,58.49,3,0,0,11.11,0.0,0.0,Medium Risk
MERCH00733,Grocery,21,1039.93,49.52,0,0,0,0.0,0.0,0.0,Low Risk
MERCH00732,Retail,26,1405.98,54.08,4,0,0,15.38,0.0,0.0,High Risk
MERCH00730,Retail,21,1243.32,59.21,3,0,0,14.29,0.0,0.0,Medium Risk
MERCH00728,Grocery,22,1071.0,48.68,2,0,0,9.09,0.0,0.0,Low Risk
MERCH00727,Retail,22,1069.35,48.61,1,0,0,4.55,0.0,0.0,Low Risk
MERCH00727,Restaurant,20,1984.07,99.2,0,0,0,0.0,0.0,0.0,Low Risk
MERCH00724,Restaurant,22,1202.84,54.67,0,0,0,0.0,0.0,0.0,Low Risk
MERCH00723,Retail,25,1139.01,45.56,1,0,0,4.0,0.0,0.0,Low Risk
MERCH00720,Retail,22,1366.61,62.12,1,0,0,4.55,0.0,0.0,Low Risk
MERCH00718,Retail,25,1220.75,48.83,2,0,0,8.0,0.0,0.0,Low Risk
MERCH00717,Retail,25,1049.34,41.97,2,0,0,8.0,0.0,0.0,Low Risk
MERCH00715,Retail,21,1079.62,51.41,0,0,0,0.0,0.0,0.0,Low Risk
MERCH00714,Grocery,21,1172.1,55.81,3,0,0,14.29,0.0,0.0,Medium Risk
MERCH00713,Retail,22,1238.15,56.28,1,0,0,4.55,0.0,0.0,Low Risk
MERCH00709,Grocery,22,1218.62,55.39,1,0,0,4.55,0.0,0.0,Low Risk
MERCH00707,Retail,22,1206.18,54.83,0,0,0,0.0,0.0,0.0,Low Risk
MERCH00702,Retail,27,1770.27,65.57,2,0,0,7.41,0.0,0.0,Low Risk
MERCH00700,Restaurant,21,732.25,34.87,2,0,0,9.52,0.0,0.0,Low Risk
MERCH00700,Grocery,25,1192.74,47.71,2,0,0,8.0,0.0,0.0,Low Risk
MERCH00699,Restaurant,24,1262.66,52.61,1,0,0,4.17,0.0,0.0,Low Risk
MERCH00691,Retail,20,972.14,48.61,2,0,0,10.0,0.0,0.0,Medium Risk
MERCH00687,Retail,27,1188.42,44.02,3,0,0,11.11,0.0,0.0,Medium Risk
MERCH00687,Restaurant,25,1738.32,69.53,1,0,0,4.0,0.0,0.0,Low Risk
MERCH00685,Retail,28,1838.53,65.66,3,0,0,10.71,0.0,0.0,Medium Risk
MERCH00684,Retail,26,1073.9,41.3,2,0,0,7.69,0.0,0.0,Low Risk
MERCH00684,Restaurant,21,1180.01,56.19,3,0,0,14.29,0.0,0.0,Medium Risk
MERCH00683,Restaurant,27,1558.18,57.71,1,0,0,3.7,0.0,0.0,Low Risk
MERCH00682,Retail,26,1180.88,45.42,1,0,0,3.85,0.0,0.0,Low Risk
MERCH00681,Retail,24,1240.8,51.7,2,0,0,8.33,0.0,0.0,Low Risk
MERCH00677,Retail,22,1025.38,46.61,2,0,0,9.09,0.0,0.0,Low Risk
MERCH00673,Retail,22,1019.79,46.35,2,0,0,9.09,0.0,0.0,Low Risk
MERCH00671,Retail,26,1610.54,61.94,1,0,0,3.85,0.0,0.0,Low Risk
MERCH00666,Grocery,21,1386.75,66.04,1,0,0,4.76,0.0,0.0,Low Risk
MERCH00664,Retail,26,784.33,30.17,1,0,0,3.85,0.0,0.0,Low Risk
MERCH00663,Retail,21,1136.99,54.14,3,0,0,14.29,0.0,0.0,Medium Risk
MERCH00662,Retail,22,1243.84,56.54,2,0,0,9.09,0.0,0.0,Low Risk
MERCH00658,Subscription,20,1551.65,77.58,2,0,0,10.0,0.0,0.0,Medium Risk
MERCH00657,Retail,20,1306.22,65.31,0,0,0,0.0,0.0,0.0,Low Risk
MERCH00653,Retail,27,2109.7,78.14,0,0,0,0.0,0.0,0.0,Low Risk
MERCH00651,Retail,21,1261.81,60.09,1,0,0,4.76,0.0,0.0,Low Risk
MERCH00649,Restaurant,20,835.35,41.77,2,0,0,10.0,0.0,0.0,Medium Risk
MERCH00648,Restaurant,24,1126.4,46.93,3,0,0,12.5,0.0,0.0,Medium Risk
MERCH00646,Retail,24,1120.84,46.7,0,0,0,0.0,0.0,0.0,Low Risk
MERCH00645,Retail,21,841.54,40.07,1,0,0,4.76,0.0,0.0,Low Risk
MERCH00645,Grocery,22,1129.78,51.35,2,0,0,9.09,0.0,0.0,Low Risk
MERCH00644,Restaurant,20,1685.04,84.25,5,0,0,25.0,0.0,0.0,High Risk
MERCH00636,Restaurant,23,1086.58,47.24,1,0,0,4.35,0.0,0.0,Low Risk
MERCH00633,Retail,24,1588.42,66.18,2,0,0,8.33,0.0,0.0,Low Risk
MERCH00632,Retail,29,1512.48,52.15,4,0,0,13.79,0.0,0.0,Medium Risk
MERCH00625,Retail,30,1911.34,63.71,4,0,0,13.33,0.0,0.0,Medium Risk
MERCH00624,Retail,29,1162.23,40.08,0,0,0,0.0,0.0,0.0,Low Risk
MERCH00623,Retail,25,1328.6,53.14,2,0,0,8.0,0.0,0.0,Low Risk
MERCH00623,Grocery,21,1081.2,51.49,2,0,0,9.52,0.0,0.0,Low Risk
MERCH00619,Restaurant,20,1364.67,68.23,0,0,0,0.0,0.0,0.0,Low Risk
MERCH00618,Restaurant,23,1371.79,59.64,2,0,0,8.7,0.0,0.0,Low Risk
MERCH00615,Restaurant,20,948.38,47.42,0,0,0,0.0,0.0,0.0,Low Risk
MERCH00611,Restaurant,24,878.15,36.59,2,0,0,8.33,0.0,0.0,Low Risk
MERCH00607,Retail,22,932.61,42.39,1,0,0,4.55,0.0,0.0,Low Risk
MERCH00602,Retail,26,1173.05,45.12,3,0,0,11.54,0.0,0.0,Medium Risk
MERCH00601,Retail,27,1309.76,48.51,0,0,0,0.0,0.0,0.0,Low Risk
MERCH00594,Restaurant,20,1050.96,52.55,1,0,0,5.0,0.0,0.0,Low Risk
MERCH00593,Grocery,25,1213.18,48.53,3,0,0,12.0,0.0,0.0,Medium Risk
MERCH00591,Restaurant,21,1283.46,61.12,0,0,0,0.0,0.0,0.0,Low Risk
MERCH00590,Restaurant,24,1565.87,65.24,2,0,0,8.33,0.0,0.0,Low Risk
MERCH00588,Restaurant,22,1306.16,59.37,1,0,0,4.55,0.0,0.0,Low Risk
MERCH00586,Grocery,20,1467.36,73.37,3,0,0,15.0,0.0,0.0,High Risk
MERCH00579,Retail,26,1523.27,58.59,2,0,0,7.69,0.0,0.0,Low Risk
MERCH00577,Restaurant,22,1284.15,58.37,2,0,0,9.09,0.0,0.0,Low Risk
MERCH00574,Restaurant,23,1283.11,55.79,1,0,0,4.35,0.0,0.0,Low Risk
MERCH00573,Grocery,20,986.2,49.31,1,0,0,5.0,0.0,0.0,Low Risk
MERCH00570,Restaurant,22,1150.2,52.28,2,0,0,9.09,0.0,0.0,Low Risk
MERCH00569,Retail,26,1267.25,48.74,4,0,0,15.38,0.0,0.0,High Risk
MERCH00568,Retail,20,985.97,49.3,2,0,0,10.0,0.0,0.0,Medium Risk
MERCH00563,Retail,22,854.55,38.84,0,0,0,0.0,0.0,0.0,Low Risk
MERCH00563,Grocery,20,849.61,42.48,2,0,0,10.0,0.0,0.0,Medium Risk
MERCH00559,Retail,25,1281.86,51.27,1,0,0,4.0,0.0,0.0,Low Risk
MERCH00553,Retail,23,1196.11,52.0,0,0,0,0.0,0.0,0.0,Low Risk
MERCH00552,Retail,26,1615.83,62.15,1,0,0,3.85,0.0,0.0,Low Risk
MERCH00551,Retail,22,1439.78,65.44,2,0,0,9.09,0.0,0.0,Low Risk
MERCH00543,Retail,20,823.81,41.19,2,0,0,10.0,0.0,0.0,Medium Risk
MERCH00541,Restaurant,20,1189.53,59.48,0,0,0,0.0,0.0,0.0,Low Risk
MERCH00539,Restaurant,26,1444.33,55.55,2,0,0,7.69,0.0,0.0,Low Risk
MERCH00537,Grocery,20,912.27,45.61,3,0,0,15.0,0.0,0.0,High Risk
MERCH00536,Retail,23,1303.59,56.68,0,0,0,0.0,0.0,0.0,Low Risk
MERCH00535,Grocery,20,1293.21,64.66,0,0,0,0.0,0.0,0.0,Low Risk
MERCH00534,Retail,26,1184.95,45.58,3,0,0,11.54,0.0,0.0,Medium Risk
MERCH00532,Retail,20,752.3,37.61,1,0,0,5.0,0.0,0.0,Low Risk
MERCH00531,Restaurant,26,954.74,36.72,4,0,0,15.38,0.0,0.0,High Risk
MERCH00530,Restaurant,23,1088.66,47.33,4,0,0,17.39,0.0,0.0,High Risk
MERCH00530,Grocery,25,1431.61,57.26,1,0,0,4.0,0.0,0.0,Low Risk
MERCH00529,Retail,21,901.17,42.91,0,0,0,0.0,0.0,0.0,Low Risk
MERCH00527,Restaurant,21,942.2,44.87,1,0,0,4.76,0.0,0.0,Low Risk
MERCH00526,Retail,20,964.55,48.23,0,0,0,0.0,0.0,0.0,Low Risk
MERCH00523,Grocery,21,1078.71,51.37,1,0,0,4.76,0.0,0.0,Low Risk
MERCH00522,Retail,20,882.31,44.12,1,0,0,5.0,0.0,0.0,Low Risk
MERCH00521,Retail,24,1184.18,49.34,0,0,0,0.0,0.0,0.0,Low Risk
MERCH00518,Restaurant,20,755.64,37.78,2,0,0,10.0,0.0,0.0,Medium Risk
MERCH00517,Retail,24,1051.48,43.81,2,0,0,8.33,0.0,0.0,Low Risk
MERCH00510,Grocery,22,962.17,43.73,3,0,0,13.64,0.0,0.0,Medium Risk
MERCH00505,Retail,35,2223.6,63.53,4,0,0,11.43,0.0,0.0,Medium Risk
MERCH00503,Retail,21,871.87,41.52,0,0,0,0.0,0.0,0.0,Low Risk
MERCH00501,Restaurant,25,1436.15,57.45,1,0,0,4.0,0.0,0.0,Low Risk
MERCH00501,Grocery,22,1813.35,82.43,1,0,0,4.55,0.0,0.0,Low Risk
MERCH00500,Retail,21,932.58,44.41,1,0,0,4.76,0.0,0.0,Low Risk
MERCH00498,Restaurant,23,891.84,38.78,2,0,0,8.7,0.0,0.0,Low Risk
MERCH00497,Retail,22,1181.85,53.72,4,0,0,18.18,0.0,0.0,High Risk
MERCH00496,Retail,23,1019.98,44.35,2,0,0,8.7,0.0,0.0,Low Risk
MERCH00495,Grocery,21,769.69,36.65,1,0,0,4.76,0.0,0.0,Low Risk
MERCH00492,Restaurant,23,1740.63,75.68,2,0,0,8.7,0.0,0.0,Low Risk
MERCH00492,Grocery,24,1384.59,57.69,2,0,0,8.33,0.0,0.0,Low Risk
MERCH00491,Restaurant,21,1601.61,76.27,2,0,0,9.52,0.0,0.0,Low Risk
MERCH00489,Retail,20,961.8,48.09,3,0,0,15.0,0.0,0.0,High Risk
MERCH00483,Retail,24,1365.78,56.91,3,0,0,12.5,0.0,0.0,Medium Risk
MERCH00481,Retail,27,1955.56,72.43,1,0,0,3.7,0.0,0.0,Low Risk
MERCH00478,Retail,24,949.69,39.57,0,0,0,0.0,0.0,0.0,Low Risk
MERCH00477,Restaurant,20,945.47,47.27,1,0,0,5.0,0.0,0.0,Low Risk
MERCH00473,Retail,26,916.56,35.25,3,0,0,11.54,0.0,0.0,Medium Risk
MERCH00472,Retail,22,922.67,41.94,0,0,0,0.0,0.0,0.0,Low Risk
MERCH00471,Retail,22,1131.46,51.43,2,0,0,9.09,0.0,0.0,Low Risk
MERCH00470,Retail,20,1312.31,65.62,4,0,0,20.0,0.0,0.0,High Risk
MERCH00465,Restaurant,27,1456.99,53.96,3,0,0,11.11,0.0,0.0,Medium Risk
MERCH00459,Retail,22,1347.26,61.24,1,0,0,4.55,0.0,0.0,Low Risk
MERCH00459,Restaurant,23,1719.97,74.78,1,0,0,4.35,0.0,0.0,Low Risk
MERCH00457,Retail,20,1186.39,59.32,1,0,0,5.0,0.0,0.0,Low Risk
MERCH00457,Restaurant,22,1072.9,48.77,2,0,0,9.09,0.0,0.0,Low Risk
MERCH00455,Restaurant,22,1006.09,45.73,2,0,0,9.09,0.0,0.0,Low Risk
MERCH00453,Grocery,24,1664.45,69.35,1,0,0,4.17,0.0,0.0,Low Risk
MERCH00451,Retail,28,1376.62,49.17,0,0,0,0.0,0.0,0.0,Low Risk
MERCH00450,Retail,24,1479.56,61.65,0,0,0,0.0,0.0,0.0,Low Risk
MERCH00448,Retail,21,1082.02,51.52,0,0,0,0.0,0.0,0.0,Low Risk
MERCH00444,Grocery,20,847.62,42.38,1,0,0,5.0,0.0,0.0,Low Risk
MERCH00441,Retail,25,1254.99,50.2,1,0,0,4.0,0.0,0.0,Low Risk
MERCH00440,Grocery,20,867.16,43.36,3,0,0,15.0,0.0,0.0,High Risk
MERCH00439,Retail,25,1834.25,73.37,4,0,0,16.0,0.0,0.0,High Risk
MERCH00439,Grocery,22,1555.15,70.69,1,0,0,4.55,0.0,0.0,Low Risk
MERCH00438,Retail,20,957.6,47.88,2,0,0,10.0,0.0,0.0,Medium Risk
MERCH00437,Grocery,20,1040.15,52.01,3,0,0,15.0,0.0,0.0,High Risk
MERCH00435,Restaurant,22,868.52,39.48,2,0,0,9.09,0.0,0.0,Low Risk
MERCH00435,Grocery,20,1057.71,52.89,2,0,0,10.0,0.0,0.0,Medium Risk
MERCH00434,Retail,22,968.46,44.02,0,0,0,0.0,0.0,0.0,Low Risk
MERCH00428,Retail,22,1577.13,71.69,2,0,0,9.09,0.0,0.0,Low Risk
MERCH00427,Retail,29,1512.5,52.16,1,0,0,3.45,0.0,0.0,Low Risk
MERCH00423,Retail,25,1650.88,66.04,3,0,0,12.0,0.0,0.0,Medium Risk
MERCH00421,Retail,21,1211.64,57.7,3,0,0,14.29,0.0,0.0,Medium Risk
MERCH00420,Retail,20,1119.9,56.0,1,0,0,5.0,0.0,0.0,Low Risk
MERCH00419,Grocery,20,1015.75,50.79,2,0,0,10.0,0.0,0.0,Medium Risk
MERCH00417,Restaurant,21,682.63,32.51,0,0,0,0.0,0.0,0.0,Low Risk
MERCH00415,Retail,23,1075.97,46.78,1,0,0,4.35,0.0,0.0,Low Risk
MERCH00415,Grocery,25,1248.81,49.95,1,0,0,4.0,0.0,0.0,Low Risk
MERCH00412,Retail,23,1322.5,57.5,3,0,0,13.04,0.0,0.0,Medium Risk
MERCH00406,Retail,25,1097.86,43.91,3,0,0,12.0,0.0,0.0,Medium Risk
MERCH00405,Grocery,21,1073.28,51.11,1,0,0,4.76,0.0,0.0,Low Risk
MERCH00404,Restaurant,21,1474.5,70.21,0,0,0,0.0,0.0,0.0,Low Risk
MERCH00394,Retail,23,1422.0,61.83,2,0,0,8.7,0.0,0.0,Low Risk
MERCH00391,Restaurant,25,1648.02,65.92,3,0,0,12.0,0.0,0.0,Medium Risk
MERCH00391,Grocery,20,794.45,39.72,2,0,0,10.0,0.0,0.0,Medium Risk
MERCH00390,Retail,31,1724.89,55.64,1,0,0,3.23,0.0,0.0,Low Risk
MERCH00390,Restaurant,21,959.77,45.7,3,0,0,14.29,0.0,0.0,Medium Risk
MERCH00382,Retail,21,845.34,40.25,3,0,0,14.29,0.0,0.0,Medium Risk
MERCH00380,Restaurant,20,1460.45,73.02,0,0,0,0.0,0.0,0.0,Low Risk
MERCH00379,Retail,23,993.78,43.21,1,0,0,4.35,0.0,0.0,Low Risk
MERCH00374,Healthcare,21,946.14,45.05,0,0,0,0.0,0.0,0.0,Low Risk
MERCH00373,Retail,24,1297.95,54.08,3,0,0,12.5,0.0,0.0,Medium Risk
MERCH00371,Restaurant,21,950.79,45.28,1,0,0,4.76,0.0,0.0,Low Risk
MERCH00368,Retail,22,1446.81,65.76,4,0,0,18.18,0.0,0.0,High Risk
MERCH00366,Retail,23,999.6,43.46,4,0,0,17.39,0.0,0.0,High Risk
MERCH00366,Fuel,20,1087.34,54.37,2,0,0,10.0,0.0,0.0,Medium Risk
MERCH00365,Restaurant,20,847.68,42.38,3,0,0,15.0,0.0,0.0,High Risk
MERCH00364,Restaurant,22,1486.25,67.56,2,0,0,9.09,0.0,0.0,Low Risk
MERCH00362,Grocery,20,1290.42,64.52,3,0,0,15.0,0.0,0.0,High Risk
MERCH00361,Retail,22,1439.18,65.42,2,0,0,9.09,0.0,0.0,Low Risk
MERCH00359,Retail,21,1211.76,57.7,2,0,0,9.52,0.0,0.0,Low Risk
MERCH00357,Restaurant,20,677.71,33.89,1,0,0,5.0,0.0,0.0,Low Risk
MERCH00354,Grocery,22,1587.72,72.17,0,0,0,0.0,0.0,0.0,Low Risk
MERCH00353,Retail,22,1687.38,76.7,3,0,0,13.64,0.0,0.0,Medium Risk
MERCH00347,Grocery,20,817.13,40.86,0,0,0,0.0,0.0,0.0,Low Risk
MERCH00346,Retail,26,1147.69,44.14,3,0,0,11.54,0.0,0.0,Medium Risk
MERCH00343,Retail,24,2746.98,114.46,1,0,0,4.17,0.0,0.0,Low Risk
MERCH00343,Restaurant,26,1043.62,40.14,3,0,0,11.54,0.0,0.0,Medium Risk
MERCH00342,Retail,25,1355.41,54.22,0,0,0,0.0,0.0,0.0,Low Risk
MERCH00341,Restaurant,24,1172.47,48.85,4,0,0,16.67,0.0,0.0,High Risk
MERCH00340,Restaurant,20,901.18,45.06,2,0,0,10.0,0.0,0.0,Medium Risk
MERCH00338,Grocery,21,1162.54,55.36,2,0,0,9.52,0.0,0.0,Low Risk
MERCH00337,Retail,25,999.28,39.97,1,0,0,4.0,0.0,0.0,Low Risk
MERCH00335,Retail,25,1338.9,53.56,2,0,0,8.0,0.0,0.0,Low Risk
MERCH00335,Restaurant,24,1345.52,56.06,0,0,0,0.0,0.0,0.0,Low Risk
MERCH00334,Restaurant,20,785.85,39.29,1,0,0,5.0,0.0,0.0,Low Risk
MERCH00329,Retail,23,1196.45,52.02,0,0,0,0.0,0.0,0.0,Low Risk
MERCH00326,Retail,26,1227.37,47.21,8,0,0,30.77,0.0,0.0,High Risk
MERCH00323,Fuel,20,2106.35,105.32,2,0,0,10.0,0.0,0.0,Medium Risk
MERCH00321,Restaurant,20,1232.45,61.62,2,0,0,10.0,0.0,0.0,Medium Risk
MERCH00317,Restaurant,20,1100.79,55.04,2,0,0,10.0,0.0,0.0,Medium Risk
MERCH00313,Retail,21,1002.47,47.74,2,0,0,9.52,0.0,0.0,Low Risk
MERCH00311,Retail,26,1584.06,60.93,0,0,0,0.0,0.0,0.0,Low Risk
MERCH00304,Retail,29,2284.71,78.78,4,0,0,13.79,0.0,0.0,Medium Risk
MERCH00303,Retail,31,1596.9,51.51,3,0,0,9.68,0.0,0.0,Low Risk
MERCH00299,Retail,27,1347.89,49.92,0,0,0,0.0,0.0,0.0,Low Risk
MERCH00289,Retail,20,795.67,39.78,1,0,0,5.0,0.0,0.0,Low Risk
MERCH00289,Restaurant,20,1071.83,53.59,2,0,0,10.0,0.0,0.0,Medium Risk
MERCH00286,Restaurant,20,1487.08,74.35,2,0,0,10.0,0.0,0.0,Medium Risk
MERCH00284,Retail,27,1417.18,52.49,1,0,0,3.7,0.0,0.0,Low Risk
MERCH00282,Retail,20,1247.96,62.4,2,0,0,10.0,0.0,0.0,Medium Risk
MERCH00282,Restaurant,21,1104.81,52.61,1,0,0,4.76,0.0,0.0,Low Risk
MERCH00281,Grocery,25,1294.72,51.79,3,0,0,12.0,0.0,0.0,Medium Risk
MERCH00273,Restaurant,20,797.04,39.85,1,0,0,5.0,0.0,0.0,Low Risk
MERCH00269,Restaurant,21,1038.39,49.45,3,0,0,14.29,0.0,0.0,Medium Risk
MERCH00269,Grocery,23,1218.75,52.99,2,0,0,8.7,0.0,0.0,Low Risk
MERCH00264,Retail,22,1008.86,45.86,2,0,0,9.09,0.0,0.0,Low Risk
MERCH00263,Retail,24,1309.73,54.57,2,0,0,8.33,0.0,0.0,Low Risk
MERCH00263,Restaurant,22,1185.1,53.87,2,0,0,9.09,0.0,0.0,Low Risk
MERCH00262,Restaurant,21,1104.75,52.61,1,0,0,4.76,0.0,0.0,Low Risk
MERCH00258,Retail,22,1037.02,47.14,3,0,0,13.64,0.0,0.0,Medium Risk
MERCH00256,Restaurant,27,2153.09,79.74,3,0,0,11.11,0.0,0.0,Medium Risk
MERCH00254,Retail,21,1166.34,55.54,0,0,0,0.0,0.0,0.0,Low Risk
MERCH00252,Retail,20,778.93,38.95,0,0,0,0.0,0.0,0.0,Low Risk
MERCH00248,Retail,21,861.23,41.01,0,0,0,0.0,0.0,0.0,Low Risk
MERCH00248,Restaurant,20,1299.84,64.99,4,0,0,20.0,0.0,0.0,High Risk
MERCH00247,Retail,24,1225.0,51.04,2,0,0,8.33,0.0,0.0,Low Risk
MERCH00246,Grocery,23,1353.29,58.84,1,0,0,4.35,0.0,0.0,Low Risk
MERCH00244,Retail,21,1017.07,48.43,4,0,0,19.05,0.0,0.0,High Risk
MERCH00241,Restaurant,21,1393.93,66.38,4,0,0,19.05,0.0,0.0,High Risk
MERCH00239,Retail,25,1222.71,48.91,1,0,0,4.0,0.0,0.0,Low Risk
MERCH00236,Retail,27,1038.27,38.45,0,0,0,0.0,0.0,0.0,Low Risk
MERCH00236,Grocery,20,1109.77,55.49,0,0,0,0.0,0.0,0.0,Low Risk
MERCH00233,Retail,24,1032.92,43.04,0,0,0,0.0,0.0,0.0,Low Risk
MERCH00228,Retail,22,935.43,42.52,0,0,0,0.0,0.0,0.0,Low Risk
MERCH00225,Retail,23,1140.58,49.59,1,0,0,4.35,0.0,0.0,Low Risk
MERCH00223,Grocery,20,1404.29,70.21,0,0,0,0.0,0.0,0.0,Low Risk
MERCH00221,Grocery,20,1299.73,64.99,0,0,0,0.0,0.0,0.0,Low Risk
MERCH00220,Restaurant,22,1248.6,56.75,1,0,0,4.55,0.0,0.0,Low Risk
MERCH00218,Retail,30,1434.64,47.82,1,0,0,3.33,0.0,0.0,Low Risk
MERCH00216,Retail,20,937.42,46.87,5,0,0,25.0,0.0,0.0,High Risk
MERCH00216,Grocery,23,1301.02,56.57,2,0,0,8.7,0.0,0.0,Low Risk
MERCH00215,Retail,21,1115.04,53.1,2,0,0,9.52,0.0,0.0,Low Risk
MERCH00213,Restaurant,24,2124.69,88.53,4,0,0,16.67,0.0,0.0,High Risk
MERCH00212,Retail,21,1722.81,82.04,1,0,0,4.76,0.0,0.0,Low Risk
MERCH00208,Restaurant,20,896.21,44.81,0,0,0,0.0,0.0,0.0,Low Risk
MERCH00207,Retail,27,1139.54,42.21,3,0,0,11.11,0.0,0.0,Medium Risk
MERCH00202,Retail,28,1342.83,47.96,2,0,0,7.14,0.0,0.0,Low Risk
MERCH00192,Retail,21,930.38,44.3,1,0,0,4.76,0.0,0.0,Low Risk
MERCH00191,Retail,24,1177.44,49.06,0,0,0,0.0,0.0,0.0,Low Risk
MERCH00186,Restaurant,29,1295.91,44.69,3,0,0,10.34,0.0,0.0,Medium Risk
MERCH00185,Grocery,22,1228.86,55.86,5,0,0,22.73,0.0,0.0,High Risk
MERCH00183,Retail,30,1032.32,34.41,1,0,0,3.33,0.0,0.0,Low Risk
MERCH00183,Restaurant,20,875.61,43.78,1,0,0,5.0,0.0,0.0,Low Risk
MERCH00177,Retail,25,1402.01,56.08,2,0,0,8.0,0.0,0.0,Low Risk
MERCH00177,Restaurant,21,1279.35,60.92,1,0,0,4.76,0.0,0.0,Low Risk
MERCH00175,Restaurant,21,1311.66,62.46,1,0,0,4.76,0.0,0.0,Low Risk
MERCH00172,Retail,22,1431.08,65.05,0,0,0,0.0,0.0,0.0,Low Risk
MERCH00167,Retail,20,1214.75,60.74,2,0,0,10.0,0.0,0.0,Medium Risk
MERCH00166,Retail,21,1103.24,52.54,0,0,0,0.0,0.0,0.0,Low Risk
MERCH00166,Grocery,21,1375.44,65.5,1,0,0,4.76,0.0,0.0,Low Risk
MERCH00164,Retail,22,1672.71,76.03,2,0,0,9.09,0.0,0.0,Low Risk
MERCH00155,Restaurant,23,1245.94,54.17,0,0,0,0.0,0.0,0.0,Low Risk
MERCH00155,Grocery,25,1597.54,63.9,1,0,0,4.0,0.0,0.0,Low Risk
MERCH00151,Grocery,24,1361.91,56.75,2,0,0,8.33,0.0,0.0,Low Risk
MERCH00151,Fuel,24,1090.0,45.42,1,0,0,4.17,0.0,0.0,Low Risk
MERCH00142,Grocery,20,876.53,43.83,2,0,0,10.0,0.0,0.0,Medium Risk
MERCH00141,Grocery,23,800.24,34.79,6,0,0,26.09,0.0,0.0,High Risk
MERCH00140,Retail,23,1486.88,64.65,1,0,0,4.35,0.0,0.0,Low Risk
MERCH00138,Retail,22,1085.5,49.34,1,0,0,4.55,0.0,0.0,Low Risk
MERCH00133,Grocery,23,996.07,43.31,2,0,0,8.7,0.0,0.0,Low Risk
MERCH00132,Restaurant,25,1023.28,40.93,0,0,0,0.0,0.0,0.0,Low Risk
MERCH00131,Retail,27,1703.57,63.1,1,0,0,3.7,0.0,0.0,Low Risk
MERCH00127,Retail,21,1284.9,61.19,2,0,0,9.52,0.0,0.0,Low Risk
MERCH00124,Grocery,25,1084.13,43.37,1,0,0,4.0,0.0,0.0,Low Risk
MERCH00123,Grocery,23,961.21,41.79,0,0,0,0.0,0.0,0.0,Low Risk
MERCH00121,Grocery,22,880.9,40.04,0,0,0,0.0,0.0,0.0,Low Risk
MERCH00119,Retail,23,911.27,39.62,0,0,0,0.0,0.0,0.0,Low Risk
MERCH00118,Retail,28,1704.81,60.89,3,0,0,10.71,0.0,0.0,Medium Risk
MERCH00117,Grocery,29,1775.26,61.22,1,0,0,3.45,0.0,0.0,Low Risk
MERCH00116,Restaurant,24,1624.76,67.7,4,0,0,16.67,0.0,0.0,High Risk
MERCH00112,Retail,25,1582.44,63.3,1,0,0,4.0,0.0,0.0,Low Risk
MERCH00112,Restaurant,20,803.08,40.15,0,0,0,0.0,0.0,0.0,Low Risk
MERCH00110,Grocery,21,828.91,39.47,2,0,0,9.52,0.0,0.0,Low Risk
MERCH00109,Retail,25,1187.28,47.49,0,0,0,0.0,0.0,0.0,Low Risk
MERCH00106,Retail,22,1119.27,50.88,2,0,0,9.09,0.0,0.0,Low Risk
MERCH00104,Retail,20,979.99,49.0,2,0,0,10.0,0.0,0.0,Medium Risk
MERCH00094,Restaurant,22,1085.29,49.33,0,0,0,0.0,0.0,0.0,Low Risk
MERCH00088,Retail,21,1377.27,65.58,0,0,0,0.0,0.0,0.0,Low Risk
MERCH00087,Grocery,20,910.12,45.51,0,0,0,0.0,0.0,0.0,Low Risk
MERCH00086,Retail,26,1526.53,58.71,1,0,0,3.85,0.0,0.0,Low Risk
MERCH00085,Restaurant,23,1458.0,63.39,2,0,0,8.7,0.0,0.0,Low Risk
MERCH00080,Retail,24,1231.59,51.32,1,0,0,4.17,0.0,0.0,Low Risk
MERCH00080,Restaurant,20,922.76,46.14,3,0,0,15.0,0.0,0.0,High Risk
MERCH00079,Grocery,23,1266.66,55.07,2,0,0,8.7,0.0,0.0,Low Risk
MERCH00077,Retail,24,1691.73,70.49,1,0,0,4.17,0.0,0.0,Low Risk
MERCH00076,Restaurant,20,1316.02,65.8,0,0,0,0.0,0.0,0.0,Low Risk
MERCH00073,Retail,30,1758.79,58.63,2,0,0,6.67,0.0,0.0,Low Risk
MERCH00070,Retail,21,953.07,45.38,2,0,0,9.52,0.0,0.0,Low Risk
MERCH00068,Retail,23,1718.82,74.73,1,0,0,4.35,0.0,0.0,Low Risk
MERCH00068,Restaurant,21,1684.58,80.22,2,0,0,9.52,0.0,0.0,Low Risk
MERCH00067,Retail,33,1937.08,58.7,5,0,0,15.15,0.0,0.0,High Risk
MERCH00062,Restaurant,21,892.66,42.51,4,0,0,19.05,0.0,0.0,High Risk
MERCH00061,Retail,21,1352.84,64.42,3,0,0,14.29,0.0,0.0,Medium Risk
MERCH00061,Restaurant,20,1308.03,65.4,2,0,0,10.0,0.0,0.0,Medium Risk
MERCH00060,Retail,20,1088.46,54.42,2,0,0,10.0,0.0,0.0,Medium Risk
MERCH00057,Grocery,25,1249.25,49.97,2,0,0,8.0,0.0,0.0,Low Risk
MERCH00056,Retail,22,563.5,25.61,1,0,0,4.55,0.0,0.0,Low Risk
MERCH00053,Retail,21,999.27,47.58,1,0,0,4.76,0.0,0.0,Low Risk
MERCH00051,Retail,22,730.93,33.22,1,0,0,4.55,0.0,0.0,Low Risk
MERCH00050,Retail,21,1056.55,50.31,0,0,0,0.0,0.0,0.0,Low Risk
MERCH00049,Grocery,22,911.49,41.43,2,0,0,9.09,0.0,0.0,Low Risk
MERCH00046,Restaurant,21,1080.45,51.45,1,0,0,4.76,0.0,0.0,Low Risk
MERCH00044,Retail,23,1259.56,54.76,1,0,0,4.35,0.0,0.0,Low Risk
MERCH00044,Grocery,20,783.69,39.18,1,0,0,5.0,0.0,0.0,Low Risk
MERCH00039,Retail,25,1197.3,47.89,1,0,0,4.0,0.0,0.0,Low Risk
MERCH00039,Restaurant,20,678.81,33.94,2,0,0,10.0,0.0,0.0,Medium Risk
MERCH00037,Retail,27,1388.57,51.43,0,0,0,0.0,0.0,0.0,Low Risk
MERCH00035,Retail,27,922.7,34.17,2,0,0,7.41,0.0,0.0,Low Risk
MERCH00033,Retail,21,1639.42,78.07,1,0,0,4.76,0.0,0.0,Low Risk
MERCH00032,Restaurant,22,975.23,44.33,4,0,0,18.18,0.0,0.0,High Risk
MERCH00031,Retail,23,993.99,43.22,2,0,0,8.7,0.0,0.0,Low Risk
MERCH00028,Retail,25,1398.39,55.94,1,0,0,4.0,0.0,0.0,Low Risk
MERCH00022,Restaurant,21,1221.11,58.15,5,0,0,23.81,0.0,0.0,High Risk
MERCH00021,Retail,21,1204.98,57.38,2,0,0,9.52,0.0,0.0,Low Risk
MERCH00017,Retail,21,914.2,43.53,3,0,0,14.29,0.0,0.0,Medium Risk
MERCH00016,Retail,24,1017.75,42.41,1,0,0,4.17,0.0,0.0,Low Risk
MERCH00016,Restaurant,25,1368.26,54.73,1,0,0,4.0,0.0,0.0,Low Risk
MERCH00015,Retail,21,949.6,45.22,2,0,0,9.52,0.0,0.0,Low Risk
MERCH00014,Retail,24,1457.61,60.73,1,0,0,4.17,0.0,0.0,Low Risk
MERCH00008,Retail,20,928.7,46.44,2,0,0,10.0,0.0,0.0,Medium Risk
MERCH00005,Retail,23,1321.86,57.47,1,0,0,4.35,0.0,0.0,Low Risk
MERCH00001,Grocery,20,564.51,28.23,1,0,0,5.0,0.0,0.0,Low Risk
